ffmpeg version 7.0.2 Copyright (c) 2000-2024 the FFmpeg developers
  built with Apple clang version 14.0.0 (clang-1400.0.29.202)
  configuration: --prefix=/opt/homebrew/Cellar/ffmpeg/7.0.2 --enable-shared --enable-pthreads --enable-version3 --cc=clang --host-cflags= --host-ldflags= --enable-ffplay --enable-gnutls --enable-gpl --enable-libaom --enable-libaribb24 --enable-libbluray --enable-libdav1d --enable-libharfbuzz --enable-libjxl --enable-libmp3lame --enable-libopus --enable-librav1e --enable-librist --enable-librubberband --enable-libsnappy --enable-libsrt --enable-libssh --enable-libsvtav1 --enable-libtesseract --enable-libtheora --enable-libvidstab --enable-libvmaf --enable-libvorbis --enable-libvpx --enable-libwebp --enable-libx264 --enable-libx265 --enable-libxml2 --enable-libxvid --enable-lzma --enable-libfontconfig --enable-libfreetype --enable-frei0r --enable-libass --enable-libopencore-amrnb --enable-libopencore-amrwb --enable-libopenjpeg --enable-libspeex --enable-libsoxr --enable-libzmq --enable-libzimg --disable-libjack --disable-indev=jack --enable-videotoolbox --enable-audiotoolbox --enable-neon
  libavutil      59.  8.100 / 59.  8.100
  libavcodec     61.  3.100 / 61.  3.100
  libavformat    61.  1.100 / 61.  1.100
  libavdevice    61.  1.100 / 61.  1.100
  libavfilter    10.  1.100 / 10.  1.100
  libswscale      8.  1.100 /  8.  1.100
  libswresample   5.  1.100 /  5.  1.100
  libpostproc    58.  1.100 / 58.  1.100
Input #0, mp3, from '/Users/ivem/Desktop/N2听力即时问答/public/audio/n2_full.mp3':
  Metadata:
    encoder         : Lavf61.1.100
  Duration: 02:58:49.20, start: 0.025057, bitrate: 94 kb/s
  Stream #0:0: Audio: mp3 (mp3float), 44100 Hz, stereo, fltp, 94 kb/s
      Metadata:
        encoder         : Lavc61.3.
Stream mapping:
  Stream #0:0 -> #0:0 (mp3 (mp3float) -> pcm_s16le (native))
Press [q] to stop, [?] for help
Output #0, null, to 'pipe:':
  Metadata:
    encoder         : Lavf61.1.100
  Stream #0:0: Audio: pcm_s16le, 44100 Hz, stereo, s16, 1411 kb/s
      Metadata:
        encoder         : Lavc61.3.100 pcm_s16le
[silencedetect @ 0x600003eec180] silence_start: 1.764943
[silencedetect @ 0x600003eec180] silence_end: 5.014535 | silence_duration: 3.249592
[silencedetect @ 0x600003eec180] silence_start: 6.346054
[silencedetect @ 0x600003eec180] silence_end: 8.559796 | silence_duration: 2.213741
[silencedetect @ 0x600003eec180] silence_start: 13.574308
[silencedetect @ 0x600003eec180] silence_end: 15.696735 | silence_duration: 2.122426
[silencedetect @ 0x600003eec180] silence_start: 19.154014
[silencedetect @ 0x600003eec180] silence_end: 21.255737 | silence_duration: 2.101723
[silencedetect @ 0x600003eec180] silence_start: 24.733107
[silencedetect @ 0x600003eec180] silence_end: 26.887029 | silence_duration: 2.153923
[silencedetect @ 0x600003eec180] silence_start: 30.597211
[silencedetect @ 0x600003eec180] silence_end: 38.841859 | silence_duration: 8.244649
[silencedetect @ 0x600003eec180] silence_start: 40.171859
[silencedetect @ 0x600003eec180] silence_end: 42.390363 | silence_duration: 2.218503
[silencedetect @ 0x600003eec180] silence_start: 46.420249
[silencedetect @ 0x600003eec180] silence_end: 48.535215 | silence_duration: 2.114966
[silencedetect @ 0x600003eec180] silence_start: 51.740091
[silencedetect @ 0x600003eec180] silence_end: 53.852653 | silence_duration: 2.112562
[silencedetect @ 0x600003eec180] silence_start: 56.902313
[silencedetect @ 0x600003eec180] silence_end: 58.969025 | silence_duration: 2.066712
[silencedetect @ 0x600003eec180] silence_start: 62.15619
[silencedetect @ 0x600003eec180] silence_end: 70.343537 | silence_duration: 8.187347
[silencedetect @ 0x600003eec180] silence_start: 71.675057
[silencedetect @ 0x600003eec180] silence_end: 73.896757 | silence_duration: 2.221701
[silencedetect @ 0x600003eec180] silence_start: 80.283605
[silencedetect @ 0x600003eec180] silence_end: 82.404512 | silence_duration: 2.120907
[silencedetect @ 0x600003eec180] silence_start: 85.203175
[silencedetect @ 0x600003eec180] silence_end: 87.349569 | silence_duration: 2.146395
[silencedetect @ 0x600003eec180] silence_start: 90.208821
[silencedetect @ 0x600003eec180] silence_end: 92.377982 | silence_duration: 2.169161
[silencedetect @ 0x600003eec180] silence_start: 95.230522
[silencedetect @ 0x600003eec180] silence_end: 103.442222 | silence_duration: 8.211701
[silencedetect @ 0x600003eec180] silence_start: 104.773764
[silencedetect @ 0x600003eec180] silence_end: 106.9978 | silence_duration: 2.224036
[silencedetect @ 0x600003eec180] silence_start: 110.714966
[silencedetect @ 0x600003eec180] silence_end: 112.842177 | silence_duration: 2.127211
[silencedetect @ 0x600003eec180] silence_start: 115.224331
[silencedetect @ 0x600003eec180] silence_end: 117.343515 | silence_duration: 2.119184
[silencedetect @ 0x600003eec180] silence_start: 120.61551
[silencedetect @ 0x600003eec180] silence_end: 122.749932 | silence_duration: 2.134422
[silencedetect @ 0x600003eec180] silence_start: 126.051293
[silencedetect @ 0x600003eec180] silence_end: 134.271746 | silence_duration: 8.220454
[silencedetect @ 0x600003eec180] silence_start: 135.603265
[silencedetect @ 0x600003eec180] silence_end: 137.84 | silence_duration: 2.236735
[silencedetect @ 0x600003eec180] silence_start: 144.471134
[silencedetect @ 0x600003eec180] silence_end: 146.582177 | silence_duration: 2.111043
[silencedetect @ 0x600003eec180] silence_start: 149.773991
[silencedetect @ 0x600003eec180] silence_end: 151.907551 | silence_duration: 2.13356
[silencedetect @ 0x600003eec180] silence_start: 155.976213
[silencedetect @ 0x600003eec180] silence_end: 158.135873 | silence_duration: 2.15966
[silencedetect @ 0x600003eec180] silence_start: 161.41263
[silencedetect @ 0x600003eec180] silence_end: 169.563379 | silence_duration: 8.150748
[silencedetect @ 0x600003eec180] silence_start: 170.894921
[silencedetect @ 0x600003eec180] silence_end: 173.112766 | silence_duration: 2.217846
[silencedetect @ 0x600003eec180] silence_start: 179.605918
[silencedetect @ 0x600003eec180] silence_end: 181.707868 | silence_duration: 2.10195
[silencedetect @ 0x600003eec180] silence_start: 184.106961
[silencedetect @ 0x600003eec180] silence_end: 186.241791 | silence_duration: 2.13483
[silencedetect @ 0x600003eec180] silence_start: 188.313968
[silencedetect @ 0x600003eec180] silence_end: 190.458231 | silence_duration: 2.144263
[silencedetect @ 0x600003eec180] silence_start: 192.516508
[silencedetect @ 0x600003eec180] silence_end: 200.701814 | silence_duration: 8.185306
[silencedetect @ 0x600003eec180] silence_start: 202.037891
[silencedetect @ 0x600003eec180] silence_end: 204.255011 | silence_duration: 2.21712
[silencedetect @ 0x600003eec180] silence_start: 208.879592
[silencedetect @ 0x600003eec180] silence_end: 210.984989 | silence_duration: 2.105397
[silencedetect @ 0x600003eec180] silence_start: 214.535578
[silencedetect @ 0x600003eec180] silence_end: 216.631927 | silence_duration: 2.096349
[silencedetect @ 0x600003eec180] silence_start: 219.941134
[silencedetect @ 0x600003eec180] silence_end: 222.068163 | silence_duration: 2.127029
[silencedetect @ 0x600003eec180] silence_start: 226.302018
[silencedetect @ 0x600003eec180] silence_end: 234.473447 | silence_duration: 8.171429
[silencedetect @ 0x600003eec180] silence_start: 235.803447
[silencedetect @ 0x600003eec180] silence_end: 238.022313 | silence_duration: 2.218866
[silencedetect @ 0x600003eec180] silence_start: 243.704535
[silencedetect @ 0x600003eec180] silence_end: 245.809478 | silence_duration: 2.104943
[silencedetect @ 0x600003eec180] silence_start: 248.510862
[silencedetect @ 0x600003eec180] silence_end: 250.666508 | silence_duration: 2.155646
[silencedetect @ 0x600003eec180] silence_start: 253.746236
[silencedetect @ 0x600003eec180] silence_end: 255.900023 | silence_duration: 2.153787
[silencedetect @ 0x600003eec180] silence_start: 258.7461
[silencedetect @ 0x600003eec180] silence_end: 266.951973 | silence_duration: 8.205873
[silencedetect @ 0x600003eec180] silence_start: 268.290272
[silencedetect @ 0x600003eec180] silence_end: 270.493583 | silence_duration: 2.203311
[silencedetect @ 0x600003eec180] silence_start: 276.31712
[silencedetect @ 0x600003eec180] silence_end: 278.394989 | silence_duration: 2.077868
[silencedetect @ 0x600003eec180] silence_start: 281.195193
[silencedetect @ 0x600003eec180] silence_end: 283.252268 | silence_duration: 2.057075
[silencedetect @ 0x600003eec180] silence_start: 286.483152
[silencedetect @ 0x600003eec180] silence_end: 288.541293 | silence_duration: 2.058141
[silencedetect @ 0x600003eec180] silence_start: 291.808798
[silencedetect @ 0x600003eec180] silence_end: 299.994535 | silence_duration: 8.185737
[silencedetect @ 0x600003eec180] silence_start: 301.326054
[silencedetect @ 0x600003eec180] silence_end: 303.551837 | silence_duration: 2.225782
[silencedetect @ 0x600003eec180] silence_start: 309.163356
[silencedetect @ 0x600003eec180] silence_end: 311.238027 | silence_duration: 2.074671
[silencedetect @ 0x600003eec180] silence_start: 313.967891
[silencedetect @ 0x600003eec180] silence_end: 316.092086 | silence_duration: 2.124195
[silencedetect @ 0x600003eec180] silence_start: 319.09263
[silencedetect @ 0x600003eec180] silence_end: 321.246395 | silence_duration: 2.153764
[silencedetect @ 0x600003eec180] silence_start: 324.080181
[silencedetect @ 0x600003eec180] silence_end: 332.27941 | silence_duration: 8.199229
[silencedetect @ 0x600003eec180] silence_start: 333.610952
[silencedetect @ 0x600003eec180] silence_end: 335.835873 | silence_duration: 2.224921
[silencedetect @ 0x600003eec180] silence_start: 341.707029
[silencedetect @ 0x600003eec180] silence_end: 343.844966 | silence_duration: 2.137937
[silencedetect @ 0x600003eec180] silence_start: 346.737234
[silencedetect @ 0x600003eec180] silence_end: 348.786689 | silence_duration: 2.049456
[silencedetect @ 0x600003eec180] silence_start: 352.049025
[silencedetect @ 0x600003eec180] silence_end: 354.199683 | silence_duration: 2.150658
[silencedetect @ 0x600003eec180] silence_start: 356.920726
[silencedetect @ 0x600003eec180] silence_end: 365.110703 | silence_duration: 8.189977
[silencedetect @ 0x600003eec180] silence_start: 366.4422
[silencedetect @ 0x600003eec180] silence_end: 368.661497 | silence_duration: 2.219297
[silencedetect @ 0x600003eec180] silence_start: 373.095079
[silencedetect @ 0x600003eec180] silence_end: 375.27966 | silence_duration: 2.18458
[silencedetect @ 0x600003eec180] silence_start: 378.314331
[silencedetect @ 0x600003eec180] silence_end: 380.406349 | silence_duration: 2.092018
[silencedetect @ 0x600003eec180] silence_start: 382.413084
[silencedetect @ 0x600003eec180] silence_end: 384.483447 | silence_duration: 2.070363
[silencedetect @ 0x600003eec180] silence_start: 387.135079
[silencedetect @ 0x600003eec180] silence_end: 395.342744 | silence_duration: 8.207664
[silencedetect @ 0x600003eec180] silence_start: 399.588776
[silencedetect @ 0x600003eec180] silence_end: 403.04746 | silence_duration: 3.458685
[silencedetect @ 0x600003eec180] silence_start: 411.870363
[silencedetect @ 0x600003eec180] silence_end: 413.909637 | silence_duration: 2.039274
[silencedetect @ 0x600003eec180] silence_start: 417.072426
[silencedetect @ 0x600003eec180] silence_end: 419.16263 | silence_duration: 2.090204
[silencedetect @ 0x600003eec180] silence_start: 423.190839
[silencedetect @ 0x600003eec180] silence_end: 425.319705 | silence_duration: 2.128866
[silencedetect @ 0x600003eec180] silence_start: 428.684694
[silencedetect @ 0x600003eec180] silence_end: 436.882132 | silence_duration: 8.197438
[silencedetect @ 0x600003eec180] silence_start: 445.089683
[silencedetect @ 0x600003eec180] silence_end: 447.210159 | silence_duration: 2.120476
size=N/A time=00:07:27.42 bitrate=N/A speed= 895x    [silencedetect @ 0x600003eec180] silence_start: 449.871905
[silencedetect @ 0x600003eec180] silence_end: 451.94746 | silence_duration: 2.075556
[silencedetect @ 0x600003eec180] silence_start: 454.560454
[silencedetect @ 0x600003eec180] silence_end: 456.702902 | silence_duration: 2.142449
[silencedetect @ 0x600003eec180] silence_start: 459.050431
[silencedetect @ 0x600003eec180] silence_end: 467.245057 | silence_duration: 8.194626
[silencedetect @ 0x600003eec180] silence_start: 475.869297
[silencedetect @ 0x600003eec180] silence_end: 477.929184 | silence_duration: 2.059887
[silencedetect @ 0x600003eec180] silence_start: 480.639274
[silencedetect @ 0x600003eec180] silence_end: 482.703537 | silence_duration: 2.064263
[silencedetect @ 0x600003eec180] silence_start: 485.617937
[silencedetect @ 0x600003eec180] silence_end: 487.773197 | silence_duration: 2.155261
[silencedetect @ 0x600003eec180] silence_start: 490.988322
[silencedetect @ 0x600003eec180] silence_end: 499.203039 | silence_duration: 8.214717
[silencedetect @ 0x600003eec180] silence_start: 506.637551
[silencedetect @ 0x600003eec180] silence_end: 508.675374 | silence_duration: 2.037823
[silencedetect @ 0x600003eec180] silence_start: 510.994331
[silencedetect @ 0x600003eec180] silence_end: 513.229229 | silence_duration: 2.234898
[silencedetect @ 0x600003eec180] silence_start: 515.658526
[silencedetect @ 0x600003eec180] silence_end: 517.761927 | silence_duration: 2.103401
[silencedetect @ 0x600003eec180] silence_start: 520.0261
[silencedetect @ 0x600003eec180] silence_end: 528.265283 | silence_duration: 8.239184
[silencedetect @ 0x600003eec180] silence_start: 535.835125
[silencedetect @ 0x600003eec180] silence_end: 537.946689 | silence_duration: 2.111565
[silencedetect @ 0x600003eec180] silence_start: 540.452336
[silencedetect @ 0x600003eec180] silence_end: 542.554036 | silence_duration: 2.101701
[silencedetect @ 0x600003eec180] silence_start: 545.634875
[silencedetect @ 0x600003eec180] silence_end: 547.744286 | silence_duration: 2.10941
[silencedetect @ 0x600003eec180] silence_start: 550.140204
[silencedetect @ 0x600003eec180] silence_end: 558.381837 | silence_duration: 8.241633
[silencedetect @ 0x600003eec180] silence_start: 566.949388
[silencedetect @ 0x600003eec180] silence_end: 568.973152 | silence_duration: 2.023764
[silencedetect @ 0x600003eec180] silence_start: 571.649342
[silencedetect @ 0x600003eec180] silence_end: 573.791179 | silence_duration: 2.141837
[silencedetect @ 0x600003eec180] silence_start: 577.103424
[silencedetect @ 0x600003eec180] silence_end: 579.175125 | silence_duration: 2.071701
[silencedetect @ 0x600003eec180] silence_start: 581.731156
[silencedetect @ 0x600003eec180] silence_end: 589.978662 | silence_duration: 8.247506
[silencedetect @ 0x600003eec180] silence_start: 598.587483
[silencedetect @ 0x600003eec180] silence_end: 600.627868 | silence_duration: 2.040385
[silencedetect @ 0x600003eec180] silence_start: 603.860862
[silencedetect @ 0x600003eec180] silence_end: 605.904671 | silence_duration: 2.04381
[silencedetect @ 0x600003eec180] silence_start: 608.713129
[silencedetect @ 0x600003eec180] silence_end: 610.849705 | silence_duration: 2.136576
[silencedetect @ 0x600003eec180] silence_start: 614.670181
[silencedetect @ 0x600003eec180] silence_end: 622.848798 | silence_duration: 8.178617
[silencedetect @ 0x600003eec180] silence_start: 631.412812
[silencedetect @ 0x600003eec180] silence_end: 633.464444 | silence_duration: 2.051633
[silencedetect @ 0x600003eec180] silence_start: 636.717551
[silencedetect @ 0x600003eec180] silence_end: 638.816893 | silence_duration: 2.099342
[silencedetect @ 0x600003eec180] silence_start: 641.997188
[silencedetect @ 0x600003eec180] silence_end: 644.09551 | silence_duration: 2.098322
[silencedetect @ 0x600003eec180] silence_start: 647.407415
[silencedetect @ 0x600003eec180] silence_end: 655.639615 | silence_duration: 8.2322
[silencedetect @ 0x600003eec180] silence_start: 664.765193
[silencedetect @ 0x600003eec180] silence_end: 666.87356 | silence_duration: 2.108367
[silencedetect @ 0x600003eec180] silence_start: 669.480839
[silencedetect @ 0x600003eec180] silence_end: 671.570726 | silence_duration: 2.089887
[silencedetect @ 0x600003eec180] silence_start: 673.926621
[silencedetect @ 0x600003eec180] silence_end: 676.067029 | silence_duration: 2.140408
[silencedetect @ 0x600003eec180] silence_start: 678.618435
[silencedetect @ 0x600003eec180] silence_end: 686.882494 | silence_duration: 8.264059
[silencedetect @ 0x600003eec180] silence_start: 696.812517
[silencedetect @ 0x600003eec180] silence_end: 698.959274 | silence_duration: 2.146757
[silencedetect @ 0x600003eec180] silence_start: 702.134535
[silencedetect @ 0x600003eec180] silence_end: 704.186961 | silence_duration: 2.052426
[silencedetect @ 0x600003eec180] silence_start: 707.07
[silencedetect @ 0x600003eec180] silence_end: 709.18746 | silence_duration: 2.11746
[silencedetect @ 0x600003eec180] silence_start: 712.701383
[silencedetect @ 0x600003eec180] silence_end: 720.920703 | silence_duration: 8.21932
[silencedetect @ 0x600003eec180] silence_start: 728.734807
[silencedetect @ 0x600003eec180] silence_end: 730.767483 | silence_duration: 2.032676
[silencedetect @ 0x600003eec180] silence_start: 734.078776
[silencedetect @ 0x600003eec180] silence_end: 736.172132 | silence_duration: 2.093356
[silencedetect @ 0x600003eec180] silence_start: 739.796485
[silencedetect @ 0x600003eec180] silence_end: 741.936508 | silence_duration: 2.140023
[silencedetect @ 0x600003eec180] silence_start: 745.021451
[silencedetect @ 0x600003eec180] silence_end: 753.233537 | silence_duration: 8.212086
[silencedetect @ 0x600003eec180] silence_start: 761.853764
[silencedetect @ 0x600003eec180] silence_end: 763.888005 | silence_duration: 2.03424
[silencedetect @ 0x600003eec180] silence_start: 766.332517
[silencedetect @ 0x600003eec180] silence_end: 768.476984 | silence_duration: 2.144467
[silencedetect @ 0x600003eec180] silence_start: 770.837937
[silencedetect @ 0x600003eec180] silence_end: 772.996259 | silence_duration: 2.158322
[silencedetect @ 0x600003eec180] silence_start: 775.896939
[silencedetect @ 0x600003eec180] silence_end: 784.223265 | silence_duration: 8.326327
[silencedetect @ 0x600003eec180] silence_start: 786.968322
size=N/A time=00:13:09.49 bitrate=N/A speed= 785x    [silencedetect @ 0x600003eec180] silence_end: 790.298934 | silence_duration: 3.330612
[silencedetect @ 0x600003eec180] silence_start: 791.628934
[silencedetect @ 0x600003eec180] silence_end: 793.844218 | silence_duration: 2.215283
[silencedetect @ 0x600003eec180] silence_start: 799.280295
[silencedetect @ 0x600003eec180] silence_end: 801.371202 | silence_duration: 2.090907
[silencedetect @ 0x600003eec180] silence_start: 804.190726
[silencedetect @ 0x600003eec180] silence_end: 806.311202 | silence_duration: 2.120476
[silencedetect @ 0x600003eec180] silence_start: 809.717982
[silencedetect @ 0x600003eec180] silence_end: 811.833696 | silence_duration: 2.115714
[silencedetect @ 0x600003eec180] silence_start: 815.091973
[silencedetect @ 0x600003eec180] silence_end: 823.26932 | silence_duration: 8.177347
[silencedetect @ 0x600003eec180] silence_start: 824.59932
[silencedetect @ 0x600003eec180] silence_end: 826.817755 | silence_duration: 2.218435
[silencedetect @ 0x600003eec180] silence_start: 830.677528
[silencedetect @ 0x600003eec180] silence_end: 832.868027 | silence_duration: 2.190499
[silencedetect @ 0x600003eec180] silence_start: 835.958753
[silencedetect @ 0x600003eec180] silence_end: 838.003333 | silence_duration: 2.04458
[silencedetect @ 0x600003eec180] silence_start: 840.952744
[silencedetect @ 0x600003eec180] silence_end: 843.125102 | silence_duration: 2.172358
[silencedetect @ 0x600003eec180] silence_start: 846.069274
[silencedetect @ 0x600003eec180] silence_end: 854.221383 | silence_duration: 8.152109
[silencedetect @ 0x600003eec180] silence_start: 855.555964
[silencedetect @ 0x600003eec180] silence_end: 857.778662 | silence_duration: 2.222698
[silencedetect @ 0x600003eec180] silence_start: 862.406054
[silencedetect @ 0x600003eec180] silence_end: 864.496054 | silence_duration: 2.09
[silencedetect @ 0x600003eec180] silence_start: 867.970385
[silencedetect @ 0x600003eec180] silence_end: 870.098934 | silence_duration: 2.128549
[silencedetect @ 0x600003eec180] silence_start: 873.31941
[silencedetect @ 0x600003eec180] silence_end: 875.433401 | silence_duration: 2.113991
[silencedetect @ 0x600003eec180] silence_start: 877.739388
[silencedetect @ 0x600003eec180] silence_end: 885.913583 | silence_duration: 8.174195
[silencedetect @ 0x600003eec180] silence_start: 887.254172
[silencedetect @ 0x600003eec180] silence_end: 889.469229 | silence_duration: 2.215057
[silencedetect @ 0x600003eec180] silence_start: 894.662608
[silencedetect @ 0x600003eec180] silence_end: 896.771814 | silence_duration: 2.109206
[silencedetect @ 0x600003eec180] silence_start: 899.978277
[silencedetect @ 0x600003eec180] silence_end: 902.019388 | silence_duration: 2.041111
[silencedetect @ 0x600003eec180] silence_start: 904.360499
[silencedetect @ 0x600003eec180] silence_end: 906.511587 | silence_duration: 2.151088
[silencedetect @ 0x600003eec180] silence_start: 909.101315
[silencedetect @ 0x600003eec180] silence_end: 917.342426 | silence_duration: 8.241111
[silencedetect @ 0x600003eec180] silence_start: 918.673946
[silencedetect @ 0x600003eec180] silence_end: 920.910612 | silence_duration: 2.236667
[silencedetect @ 0x600003eec180] silence_start: 926.895646
[silencedetect @ 0x600003eec180] silence_end: 929.057211 | silence_duration: 2.161565
[silencedetect @ 0x600003eec180] silence_start: 932.023923
[silencedetect @ 0x600003eec180] silence_end: 934.12576 | silence_duration: 2.101837
[silencedetect @ 0x600003eec180] silence_start: 936.337982
[silencedetect @ 0x600003eec180] silence_end: 938.527347 | silence_duration: 2.189365
[silencedetect @ 0x600003eec180] silence_start: 940.719252
[silencedetect @ 0x600003eec180] silence_end: 948.890522 | silence_duration: 8.17127
[silencedetect @ 0x600003eec180] silence_start: 950.225079
[silencedetect @ 0x600003eec180] silence_end: 952.439955 | silence_duration: 2.214875
[silencedetect @ 0x600003eec180] silence_start: 957.496304
[silencedetect @ 0x600003eec180] silence_end: 959.59254 | silence_duration: 2.096236
[silencedetect @ 0x600003eec180] silence_start: 963.408458
[silencedetect @ 0x600003eec180] silence_end: 965.576961 | silence_duration: 2.168503
[silencedetect @ 0x600003eec180] silence_start: 968.749229
[silencedetect @ 0x600003eec180] silence_end: 970.908639 | silence_duration: 2.15941
[silencedetect @ 0x600003eec180] silence_start: 974.338753
[silencedetect @ 0x600003eec180] silence_end: 982.538005 | silence_duration: 8.199252
[silencedetect @ 0x600003eec180] silence_start: 983.87254
[silencedetect @ 0x600003eec180] silence_end: 986.091202 | silence_duration: 2.218662
[silencedetect @ 0x600003eec180] silence_start: 992.045828
[silencedetect @ 0x600003eec180] silence_end: 994.147166 | silence_duration: 2.101338
[silencedetect @ 0x600003eec180] silence_start: 997.113968
[silencedetect @ 0x600003eec180] silence_end: 999.1978 | silence_duration: 2.083832
[silencedetect @ 0x600003eec180] silence_start: 1002.095057
[silencedetect @ 0x600003eec180] silence_end: 1004.194286 | silence_duration: 2.099229
[silencedetect @ 0x600003eec180] silence_start: 1007.465986
[silencedetect @ 0x600003eec180] silence_end: 1015.946485 | silence_duration: 8.480499
[silencedetect @ 0x600003eec180] silence_start: 1017.26585
[silencedetect @ 0x600003eec180] silence_end: 1019.495329 | silence_duration: 2.229478
[silencedetect @ 0x600003eec180] silence_start: 1024.729751
[silencedetect @ 0x600003eec180] silence_end: 1026.844082 | silence_duration: 2.114331
[silencedetect @ 0x600003eec180] silence_start: 1030.069365
[silencedetect @ 0x600003eec180] silence_end: 1032.173923 | silence_duration: 2.104558
[silencedetect @ 0x600003eec180] silence_start: 1035.265125
[silencedetect @ 0x600003eec180] silence_end: 1037.422177 | silence_duration: 2.157052
[silencedetect @ 0x600003eec180] silence_start: 1041.173175
[silencedetect @ 0x600003eec180] silence_end: 1049.30381 | silence_duration: 8.130635
[silencedetect @ 0x600003eec180] silence_start: 1050.635329
[silencedetect @ 0x600003eec180] silence_end: 1052.84542 | silence_duration: 2.210091
[silencedetect @ 0x600003eec180] silence_start: 1058.313175
[silencedetect @ 0x600003eec180] silence_end: 1060.37356 | silence_duration: 2.060385
[silencedetect @ 0x600003eec180] silence_start: 1063.706825
[silencedetect @ 0x600003eec180] silence_end: 1065.812132 | silence_duration: 2.105306
[silencedetect @ 0x600003eec180] silence_start: 1068.434263
[silencedetect @ 0x600003eec180] silence_end: 1070.537846 | silence_duration: 2.103583
[silencedetect @ 0x600003eec180] silence_start: 1073.812426
[silencedetect @ 0x600003eec180] silence_end: 1081.987483 | silence_duration: 8.175057
[silencedetect @ 0x600003eec180] silence_start: 1083.317483
[silencedetect @ 0x600003eec180] silence_end: 1085.544649 | silence_duration: 2.227166
[silencedetect @ 0x600003eec180] silence_start: 1091.585669
[silencedetect @ 0x600003eec180] silence_end: 1093.717642 | silence_duration: 2.131973
[silencedetect @ 0x600003eec180] silence_start: 1097.128844
[silencedetect @ 0x600003eec180] silence_end: 1099.263084 | silence_duration: 2.13424
[silencedetect @ 0x600003eec180] silence_start: 1102.112766
[silencedetect @ 0x600003eec180] silence_end: 1104.22093 | silence_duration: 2.108163
[silencedetect @ 0x600003eec180] silence_start: 1107.694717
[silencedetect @ 0x600003eec180] silence_end: 1115.890726 | silence_duration: 8.196009
[silencedetect @ 0x600003eec180] silence_start: 1117.222245
[silencedetect @ 0x600003eec180] silence_end: 1119.447188 | silence_duration: 2.224943
[silencedetect @ 0x600003eec180] silence_start: 1125.977075
[silencedetect @ 0x600003eec180] silence_end: 1128.056576 | silence_duration: 2.079501
[silencedetect @ 0x600003eec180] silence_start: 1130.861655
[silencedetect @ 0x600003eec180] silence_end: 1133.052086 | silence_duration: 2.190431
[silencedetect @ 0x600003eec180] silence_start: 1135.773991
[silencedetect @ 0x600003eec180] silence_end: 1137.949002 | silence_duration: 2.175011
[silencedetect @ 0x600003eec180] silence_start: 1140.062063
[silencedetect @ 0x600003eec180] silence_end: 1148.383265 | silence_duration: 8.321202
size=N/A time=00:19:12.88 bitrate=N/A speed= 764x    [silencedetect @ 0x600003eec180] silence_start: 1152.050272
[silencedetect @ 0x600003eec180] silence_end: 1155.492585 | silence_duration: 3.442313
[silencedetect @ 0x600003eec180] silence_start: 1156.827166
[silencedetect @ 0x600003eec180] silence_end: 1159.037891 | silence_duration: 2.210726
[silencedetect @ 0x600003eec180] silence_start: 1164.577596
[silencedetect @ 0x600003eec180] silence_end: 1166.63229 | silence_duration: 2.054694
[silencedetect @ 0x600003eec180] silence_start: 1169.72839
[silencedetect @ 0x600003eec180] silence_end: 1171.813288 | silence_duration: 2.084898
[silencedetect @ 0x600003eec180] silence_start: 1174.838798
[silencedetect @ 0x600003eec180] silence_end: 1176.896145 | silence_duration: 2.057347
[silencedetect @ 0x600003eec180] silence_start: 1179.454444
[silencedetect @ 0x600003eec180] silence_end: 1187.821361 | silence_duration: 8.366916
[silencedetect @ 0x600003eec180] silence_start: 1189.158163
[silencedetect @ 0x600003eec180] silence_end: 1191.369841 | silence_duration: 2.211678
[silencedetect @ 0x600003eec180] silence_start: 1197.716463
[silencedetect @ 0x600003eec180] silence_end: 1199.777664 | silence_duration: 2.061202
[silencedetect @ 0x600003eec180] silence_start: 1203.853424
[silencedetect @ 0x600003eec180] silence_end: 1205.94585 | silence_duration: 2.092426
[silencedetect @ 0x600003eec180] silence_start: 1209.424875
[silencedetect @ 0x600003eec180] silence_end: 1211.537868 | silence_duration: 2.112993
[silencedetect @ 0x600003eec180] silence_start: 1214.897778
[silencedetect @ 0x600003eec180] silence_end: 1223.289977 | silence_duration: 8.3922
[silencedetect @ 0x600003eec180] silence_start: 1224.624535
[silencedetect @ 0x600003eec180] silence_end: 1226.836825 | silence_duration: 2.21229
[silencedetect @ 0x600003eec180] silence_start: 1232.344376
[silencedetect @ 0x600003eec180] silence_end: 1234.432902 | silence_duration: 2.088526
[silencedetect @ 0x600003eec180] silence_start: 1237.978458
[silencedetect @ 0x600003eec180] silence_end: 1240.078798 | silence_duration: 2.10034
[silencedetect @ 0x600003eec180] silence_start: 1244.004739
[silencedetect @ 0x600003eec180] silence_end: 1246.168526 | silence_duration: 2.163787
[silencedetect @ 0x600003eec180] silence_start: 1249.273333
[silencedetect @ 0x600003eec180] silence_end: 1257.649501 | silence_duration: 8.376168
[silencedetect @ 0x600003eec180] silence_start: 1259.002971
[silencedetect @ 0x600003eec180] silence_end: 1261.205102 | silence_duration: 2.202132
[silencedetect @ 0x600003eec180] silence_start: 1265.29
[silencedetect @ 0x600003eec180] silence_end: 1267.419478 | silence_duration: 2.129478
[silencedetect @ 0x600003eec180] silence_start: 1271.442426
[silencedetect @ 0x600003eec180] silence_end: 1273.526236 | silence_duration: 2.08381
[silencedetect @ 0x600003eec180] silence_start: 1277.958118
[silencedetect @ 0x600003eec180] silence_end: 1280.092857 | silence_duration: 2.134739
[silencedetect @ 0x600003eec180] silence_start: 1283.739138
[silencedetect @ 0x600003eec180] silence_end: 1292.000431 | silence_duration: 8.261293
[silencedetect @ 0x600003eec180] silence_start: 1293.336485
[silencedetect @ 0x600003eec180] silence_end: 1295.568662 | silence_duration: 2.232177
[silencedetect @ 0x600003eec180] silence_start: 1300.903605
[silencedetect @ 0x600003eec180] silence_end: 1302.96746 | silence_duration: 2.063855
[silencedetect @ 0x600003eec180] silence_start: 1305.751247
[silencedetect @ 0x600003eec180] silence_end: 1307.804172 | silence_duration: 2.052925
[silencedetect @ 0x600003eec180] silence_start: 1311.248186
[silencedetect @ 0x600003eec180] silence_end: 1313.35161 | silence_duration: 2.103424
[silencedetect @ 0x600003eec180] silence_start: 1316.642653
[silencedetect @ 0x600003eec180] silence_end: 1324.861723 | silence_duration: 8.21907
[silencedetect @ 0x600003eec180] silence_start: 1326.196281
[silencedetect @ 0x600003eec180] silence_end: 1328.411134 | silence_duration: 2.214853
[silencedetect @ 0x600003eec180] silence_start: 1335.238231
[silencedetect @ 0x600003eec180] silence_end: 1337.389116 | silence_duration: 2.150884
[silencedetect @ 0x600003eec180] silence_start: 1340.73127
[silencedetect @ 0x600003eec180] silence_end: 1342.824444 | silence_duration: 2.093175
[silencedetect @ 0x600003eec180] silence_start: 1346.099796
[silencedetect @ 0x600003eec180] silence_end: 1348.22093 | silence_duration: 2.121134
[silencedetect @ 0x600003eec180] silence_start: 1351.360907
[silencedetect @ 0x600003eec180] silence_end: 1359.580499 | silence_duration: 8.219592
[silencedetect @ 0x600003eec180] silence_start: 1360.915057
[silencedetect @ 0x600003eec180] silence_end: 1363.133719 | silence_duration: 2.218662
[silencedetect @ 0x600003eec180] silence_start: 1368.517823
[silencedetect @ 0x600003eec180] silence_end: 1370.630794 | silence_duration: 2.112971
[silencedetect @ 0x600003eec180] silence_start: 1374.014603
[silencedetect @ 0x600003eec180] silence_end: 1376.071905 | silence_duration: 2.057302
[silencedetect @ 0x600003eec180] silence_start: 1378.778617
[silencedetect @ 0x600003eec180] silence_end: 1380.913741 | silence_duration: 2.135125
[silencedetect @ 0x600003eec180] silence_start: 1384.622404
[silencedetect @ 0x600003eec180] silence_end: 1393.011723 | silence_duration: 8.38932
[silencedetect @ 0x600003eec180] silence_start: 1394.346281
[silencedetect @ 0x600003eec180] silence_end: 1396.56059 | silence_duration: 2.214308
[silencedetect @ 0x600003eec180] silence_start: 1401.123492
[silencedetect @ 0x600003eec180] silence_end: 1403.292834 | silence_duration: 2.169342
[silencedetect @ 0x600003eec180] silence_start: 1406.56678
[silencedetect @ 0x600003eec180] silence_end: 1408.641973 | silence_duration: 2.075193
[silencedetect @ 0x600003eec180] silence_start: 1411.83356
[silencedetect @ 0x600003eec180] silence_end: 1413.96898 | silence_duration: 2.13542
[silencedetect @ 0x600003eec180] silence_start: 1418.044603
[silencedetect @ 0x600003eec180] silence_end: 1426.452653 | silence_duration: 8.40805
[silencedetect @ 0x600003eec180] silence_start: 1427.787211
[silencedetect @ 0x600003eec180] silence_end: 1429.994263 | silence_duration: 2.207052
[silencedetect @ 0x600003eec180] silence_start: 1436.228685
[silencedetect @ 0x600003eec180] silence_end: 1438.290023 | silence_duration: 2.061338
[silencedetect @ 0x600003eec180] silence_start: 1441.521224
[silencedetect @ 0x600003eec180] silence_end: 1443.585692 | silence_duration: 2.064467
[silencedetect @ 0x600003eec180] silence_start: 1446.464399
[silencedetect @ 0x600003eec180] silence_end: 1448.572426 | silence_duration: 2.108027
[silencedetect @ 0x600003eec180] silence_start: 1451.113628
[silencedetect @ 0x600003eec180] silence_end: 1459.501542 | silence_duration: 8.387914
[silencedetect @ 0x600003eec180] silence_start: 1460.833039
[silencedetect @ 0x600003eec180] silence_end: 1463.058889 | silence_duration: 2.22585
[silencedetect @ 0x600003eec180] silence_start: 1468.100091
[silencedetect @ 0x600003eec180] silence_end: 1470.135465 | silence_duration: 2.035374
[silencedetect @ 0x600003eec180] silence_start: 1473.519274
[silencedetect @ 0x600003eec180] silence_end: 1475.648707 | silence_duration: 2.129433
[silencedetect @ 0x600003eec180] silence_start: 1478.888889
[silencedetect @ 0x600003eec180] silence_end: 1481.012902 | silence_duration: 2.124014
[silencedetect @ 0x600003eec180] silence_start: 1484.87712
[silencedetect @ 0x600003eec180] silence_end: 1493.304875 | silence_duration: 8.427755
size=N/A time=00:24:53.47 bitrate=N/A speed= 742x    [silencedetect @ 0x600003eec180] silence_start: 1494.639433
[silencedetect @ 0x600003eec180] silence_end: 1496.861338 | silence_duration: 2.221905
[silencedetect @ 0x600003eec180] silence_start: 1502.102313
[silencedetect @ 0x600003eec180] silence_end: 1504.18059 | silence_duration: 2.078277
[silencedetect @ 0x600003eec180] silence_start: 1507.442948
[silencedetect @ 0x600003eec180] silence_end: 1509.523719 | silence_duration: 2.080771
[silencedetect @ 0x600003eec180] silence_start: 1512.268481
[silencedetect @ 0x600003eec180] silence_end: 1514.42068 | silence_duration: 2.1522
[silencedetect @ 0x600003eec180] silence_start: 1517.30941
[silencedetect @ 0x600003eec180] silence_end: 1525.6578 | silence_duration: 8.34839
[silencedetect @ 0x600003eec180] silence_start: 1527.685034
[silencedetect @ 0x600003eec180] silence_end: 1529.93551 | silence_duration: 2.250476
[silencedetect @ 0x600003eec180] silence_start: 1531.245057
[silencedetect @ 0x600003eec180] silence_end: 1533.480794 | silence_duration: 2.235737
[silencedetect @ 0x600003eec180] silence_start: 1539.815193
[silencedetect @ 0x600003eec180] silence_end: 1541.873923 | silence_duration: 2.05873
[silencedetect @ 0x600003eec180] silence_start: 1546.565782
[silencedetect @ 0x600003eec180] silence_end: 1548.705896 | silence_duration: 2.140113
[silencedetect @ 0x600003eec180] silence_start: 1551.893129
[silencedetect @ 0x600003eec180] silence_end: 1554.018277 | silence_duration: 2.125147
[silencedetect @ 0x600003eec180] silence_start: 1557.069569
[silencedetect @ 0x600003eec180] silence_end: 1565.952812 | silence_duration: 8.883243
[silencedetect @ 0x600003eec180] silence_start: 1567.284354
[silencedetect @ 0x600003eec180] silence_end: 1569.501587 | silence_duration: 2.217234
[silencedetect @ 0x600003eec180] silence_start: 1574.832268
[silencedetect @ 0x600003eec180] silence_end: 1576.909909 | silence_duration: 2.077642
[silencedetect @ 0x600003eec180] silence_start: 1579.798481
[silencedetect @ 0x600003eec180] silence_end: 1581.865374 | silence_duration: 2.066893
[silencedetect @ 0x600003eec180] silence_start: 1584.785488
[silencedetect @ 0x600003eec180] silence_end: 1586.889524 | silence_duration: 2.104036
[silencedetect @ 0x600003eec180] silence_start: 1589.65873
[silencedetect @ 0x600003eec180] silence_end: 1597.7861 | silence_duration: 8.12737
[silencedetect @ 0x600003eec180] silence_start: 1599.119138
[silencedetect @ 0x600003eec180] silence_end: 1601.34771 | silence_duration: 2.228571
[silencedetect @ 0x600003eec180] silence_start: 1606.982177
[silencedetect @ 0x600003eec180] silence_end: 1609.053946 | silence_duration: 2.071769
[silencedetect @ 0x600003eec180] silence_start: 1612.476576
[silencedetect @ 0x600003eec180] silence_end: 1614.533764 | silence_duration: 2.057188
[silencedetect @ 0x600003eec180] silence_start: 1618.138027
[silencedetect @ 0x600003eec180] silence_end: 1620.323424 | silence_duration: 2.185397
[silencedetect @ 0x600003eec180] silence_start: 1623.472358
[silencedetect @ 0x600003eec180] silence_end: 1631.226961 | silence_duration: 7.754603
[silencedetect @ 0x600003eec180] silence_start: 1632.538005
[silencedetect @ 0x600003eec180] silence_end: 1634.782585 | silence_duration: 2.24458
[silencedetect @ 0x600003eec180] silence_start: 1638.919569
[silencedetect @ 0x600003eec180] silence_end: 1641.01839 | silence_duration: 2.098821
[silencedetect @ 0x600003eec180] silence_start: 1643.749002
[silencedetect @ 0x600003eec180] silence_end: 1645.84449 | silence_duration: 2.095488
[silencedetect @ 0x600003eec180] silence_start: 1648.350839
[silencedetect @ 0x600003eec180] silence_end: 1650.46712 | silence_duration: 2.116281
[silencedetect @ 0x600003eec180] silence_start: 1653.680794
[silencedetect @ 0x600003eec180] silence_end: 1662.623968 | silence_duration: 8.943175
[silencedetect @ 0x600003eec180] silence_start: 1663.955488
[silencedetect @ 0x600003eec180] silence_end: 1666.192222 | silence_duration: 2.236735
[silencedetect @ 0x600003eec180] silence_start: 1671.474671
[silencedetect @ 0x600003eec180] silence_end: 1673.53356 | silence_duration: 2.058889
[silencedetect @ 0x600003eec180] silence_start: 1675.957302
[silencedetect @ 0x600003eec180] silence_end: 1678.027098 | silence_duration: 2.069796
[silencedetect @ 0x600003eec180] silence_start: 1680.863696
[silencedetect @ 0x600003eec180] silence_end: 1683.04288 | silence_duration: 2.179184
[silencedetect @ 0x600003eec180] silence_start: 1685.908345
[silencedetect @ 0x600003eec180] silence_end: 1693.906009 | silence_duration: 7.997664
[silencedetect @ 0x600003eec180] silence_start: 1695.214014
[silencedetect @ 0x600003eec180] silence_end: 1697.455442 | silence_duration: 2.241429
[silencedetect @ 0x600003eec180] silence_start: 1703.356916
[silencedetect @ 0x600003eec180] silence_end: 1705.698662 | silence_duration: 2.341746
[silencedetect @ 0x600003eec180] silence_start: 1709.809138
[silencedetect @ 0x600003eec180] silence_end: 1711.893696 | silence_duration: 2.084558
[silencedetect @ 0x600003eec180] silence_start: 1715.675034
[silencedetect @ 0x600003eec180] silence_end: 1717.851088 | silence_duration: 2.176054
[silencedetect @ 0x600003eec180] silence_start: 1721.241361
[silencedetect @ 0x600003eec180] silence_end: 1729.140181 | silence_duration: 7.898821
[silencedetect @ 0x600003eec180] silence_start: 1730.464104
[silencedetect @ 0x600003eec180] silence_end: 1732.693401 | silence_duration: 2.229297
[silencedetect @ 0x600003eec180] silence_start: 1737.044875
[silencedetect @ 0x600003eec180] silence_end: 1739.151519 | silence_duration: 2.106644
[silencedetect @ 0x600003eec180] silence_start: 1742.96907
[silencedetect @ 0x600003eec180] silence_end: 1745.042494 | silence_duration: 2.073424
[silencedetect @ 0x600003eec180] silence_start: 1747.714943
[silencedetect @ 0x600003eec180] silence_end: 1749.845238 | silence_duration: 2.130295
[silencedetect @ 0x600003eec180] silence_start: 1753.208934
[silencedetect @ 0x600003eec180] silence_end: 1761.966735 | silence_duration: 8.7578
[silencedetect @ 0x600003eec180] silence_start: 1763.27932
[silencedetect @ 0x600003eec180] silence_end: 1765.522358 | silence_duration: 2.243039
[silencedetect @ 0x600003eec180] silence_start: 1769.572041
[silencedetect @ 0x600003eec180] silence_end: 1771.621723 | silence_duration: 2.049683
[silencedetect @ 0x600003eec180] silence_start: 1775.209274
[silencedetect @ 0x600003eec180] silence_end: 1777.270227 | silence_duration: 2.060952
[silencedetect @ 0x600003eec180] silence_start: 1780.711066
[silencedetect @ 0x600003eec180] silence_end: 1782.881293 | silence_duration: 2.170227
[silencedetect @ 0x600003eec180] silence_start: 1785.766961
[silencedetect @ 0x600003eec180] silence_end: 1794.674785 | silence_duration: 8.907823
[silencedetect @ 0x600003eec180] silence_start: 1795.998707
[silencedetect @ 0x600003eec180] silence_end: 1798.216395 | silence_duration: 2.217687
[silencedetect @ 0x600003eec180] silence_start: 1805.868844
[silencedetect @ 0x600003eec180] silence_end: 1807.94941 | silence_duration: 2.080567
[silencedetect @ 0x600003eec180] silence_start: 1810.834512
[silencedetect @ 0x600003eec180] silence_end: 1812.897211 | silence_duration: 2.062698
[silencedetect @ 0x600003eec180] silence_start: 1816.076508
[silencedetect @ 0x600003eec180] silence_end: 1818.1761 | silence_duration: 2.099592
[silencedetect @ 0x600003eec180] silence_start: 1821.128957
[silencedetect @ 0x600003eec180] silence_end: 1829.25415 | silence_duration: 8.125193
[silencedetect @ 0x600003eec180] silence_start: 1830.566735
[silencedetect @ 0x600003eec180] silence_end: 1832.811497 | silence_duration: 2.244762
[silencedetect @ 0x600003eec180] silence_start: 1838.48805
[silencedetect @ 0x600003eec180] silence_end: 1840.643696 | silence_duration: 2.155646
[silencedetect @ 0x600003eec180] silence_start: 1844.685828
[silencedetect @ 0x600003eec180] silence_end: 1846.759592 | silence_duration: 2.073764
[silencedetect @ 0x600003eec180] silence_start: 1850.298231
[silencedetect @ 0x600003eec180] silence_end: 1852.37093 | silence_duration: 2.072698
[silencedetect @ 0x600003eec180] silence_start: 1856.155261
size=N/A time=00:30:59.44 bitrate=N/A speed= 738x    [silencedetect @ 0x600003eec180] silence_end: 1864.213787 | silence_duration: 8.058526
[silencedetect @ 0x600003eec180] silence_start: 1865.537732
[silencedetect @ 0x600003eec180] silence_end: 1867.770227 | silence_duration: 2.232494
[silencedetect @ 0x600003eec180] silence_start: 1873.049433
[silencedetect @ 0x600003eec180] silence_end: 1875.136304 | silence_duration: 2.086871
[silencedetect @ 0x600003eec180] silence_start: 1878.110091
[silencedetect @ 0x600003eec180] silence_end: 1880.173991 | silence_duration: 2.0639
[silencedetect @ 0x600003eec180] silence_start: 1883.321723
[silencedetect @ 0x600003eec180] silence_end: 1885.496236 | silence_duration: 2.174512
[silencedetect @ 0x600003eec180] silence_start: 1888.677914
[silencedetect @ 0x600003eec180] silence_end: 1897.339161 | silence_duration: 8.661247
[silencedetect @ 0x600003eec180] silence_start: 1903.59839
[silencedetect @ 0x600003eec180] silence_end: 1906.066349 | silence_duration: 2.467959
[silencedetect @ 0x600003eec180] silence_start: 1910.296032
[silencedetect @ 0x600003eec180] silence_end: 1912.35576 | silence_duration: 2.059728
[silencedetect @ 0x600003eec180] silence_start: 1915.39381
[silencedetect @ 0x600003eec180] silence_end: 1917.46771 | silence_duration: 2.0739
[silencedetect @ 0x600003eec180] silence_start: 1920.426009
[silencedetect @ 0x600003eec180] silence_end: 1922.51551 | silence_duration: 2.089501
[silencedetect @ 0x600003eec180] silence_start: 1925.387596
[silencedetect @ 0x600003eec180] silence_end: 1933.274467 | silence_duration: 7.886871
[silencedetect @ 0x600003eec180] silence_start: 1934.354399
[silencedetect @ 0x600003eec180] silence_end: 1936.829592 | silence_duration: 2.475193
[silencedetect @ 0x600003eec180] silence_start: 1942.989297
[silencedetect @ 0x600003eec180] silence_end: 1945.070816 | silence_duration: 2.081519
[silencedetect @ 0x600003eec180] silence_start: 1948.424127
[silencedetect @ 0x600003eec180] silence_end: 1950.505714 | silence_duration: 2.081587
[silencedetect @ 0x600003eec180] silence_start: 1952.804218
[silencedetect @ 0x600003eec180] silence_end: 1954.922268 | silence_duration: 2.11805
[silencedetect @ 0x600003eec180] silence_start: 1957.809229
[silencedetect @ 0x600003eec180] silence_end: 1965.868912 | silence_duration: 8.059683
[silencedetect @ 0x600003eec180] silence_start: 1966.948821
[silencedetect @ 0x600003eec180] silence_end: 1969.430408 | silence_duration: 2.481587
[silencedetect @ 0x600003eec180] silence_start: 1975.277551
[silencedetect @ 0x600003eec180] silence_end: 1977.325034 | silence_duration: 2.047483
[silencedetect @ 0x600003eec180] silence_start: 1980.514921
[silencedetect @ 0x600003eec180] silence_end: 1982.648254 | silence_duration: 2.133333
[silencedetect @ 0x600003eec180] silence_start: 1985.358458
[silencedetect @ 0x600003eec180] silence_end: 1987.448118 | silence_duration: 2.08966
[silencedetect @ 0x600003eec180] silence_start: 1990.063356
[silencedetect @ 0x600003eec180] silence_end: 1998.103991 | silence_duration: 8.040635
[silencedetect @ 0x600003eec180] silence_start: 1999.177143
[silencedetect @ 0x600003eec180] silence_end: 2001.662154 | silence_duration: 2.485011
[silencedetect @ 0x600003eec180] silence_start: 2007.546349
[silencedetect @ 0x600003eec180] silence_end: 2009.612381 | silence_duration: 2.066032
[silencedetect @ 0x600003eec180] silence_start: 2012.925397
[silencedetect @ 0x600003eec180] silence_end: 2015.055556 | silence_duration: 2.130159
[silencedetect @ 0x600003eec180] silence_start: 2018.20771
[silencedetect @ 0x600003eec180] silence_end: 2020.306077 | silence_duration: 2.098367
[silencedetect @ 0x600003eec180] silence_start: 2023.706145
[silencedetect @ 0x600003eec180] silence_end: 2031.829138 | silence_duration: 8.122993
[silencedetect @ 0x600003eec180] silence_start: 2032.898458
[silencedetect @ 0x600003eec180] silence_end: 2035.405533 | silence_duration: 2.507075
[silencedetect @ 0x600003eec180] silence_start: 2041.477256
[silencedetect @ 0x600003eec180] silence_end: 2043.539569 | silence_duration: 2.062313
[silencedetect @ 0x600003eec180] silence_start: 2046.988934
[silencedetect @ 0x600003eec180] silence_end: 2049.123152 | silence_duration: 2.134218
[silencedetect @ 0x600003eec180] silence_start: 2051.872245
[silencedetect @ 0x600003eec180] silence_end: 2053.957914 | silence_duration: 2.085669
[silencedetect @ 0x600003eec180] silence_start: 2056.799819
[silencedetect @ 0x600003eec180] silence_end: 2064.801361 | silence_duration: 8.001542
[silencedetect @ 0x600003eec180] silence_start: 2065.87449
[silencedetect @ 0x600003eec180] silence_end: 2068.351293 | silence_duration: 2.476803
[silencedetect @ 0x600003eec180] silence_start: 2073.767528
[silencedetect @ 0x600003eec180] silence_end: 2075.854082 | silence_duration: 2.086553
[silencedetect @ 0x600003eec180] silence_start: 2079.187823
[silencedetect @ 0x600003eec180] silence_end: 2081.263946 | silence_duration: 2.076122
[silencedetect @ 0x600003eec180] silence_start: 2084.942562
[silencedetect @ 0x600003eec180] silence_end: 2087.024218 | silence_duration: 2.081655
[silencedetect @ 0x600003eec180] silence_start: 2090.369887
[silencedetect @ 0x600003eec180] silence_end: 2098.518231 | silence_duration: 8.148345
[silencedetect @ 0x600003eec180] silence_start: 2099.580726
[silencedetect @ 0x600003eec180] silence_end: 2102.073583 | silence_duration: 2.492857
[silencedetect @ 0x600003eec180] silence_start: 2109.928662
[silencedetect @ 0x600003eec180] silence_end: 2111.988594 | silence_duration: 2.059932
[silencedetect @ 0x600003eec180] silence_start: 2115.187868
[silencedetect @ 0x600003eec180] silence_end: 2117.340385 | silence_duration: 2.152517
[silencedetect @ 0x600003eec180] silence_start: 2120.491247
[silencedetect @ 0x600003eec180] silence_end: 2122.578866 | silence_duration: 2.087619
[silencedetect @ 0x600003eec180] silence_start: 2126.081474
[silencedetect @ 0x600003eec180] silence_end: 2134.098685 | silence_duration: 8.017211
[silencedetect @ 0x600003eec180] silence_start: 2135.18619
[silencedetect @ 0x600003eec180] silence_end: 2137.655873 | silence_duration: 2.469683
[silencedetect @ 0x600003eec180] silence_start: 2143.323923
[silencedetect @ 0x600003eec180] silence_end: 2145.424263 | silence_duration: 2.10034
[silencedetect @ 0x600003eec180] silence_start: 2148.474172
[silencedetect @ 0x600003eec180] silence_end: 2150.55746 | silence_duration: 2.083288
[silencedetect @ 0x600003eec180] silence_start: 2153.495669
[silencedetect @ 0x600003eec180] silence_end: 2155.586009 | silence_duration: 2.09034
[silencedetect @ 0x600003eec180] silence_start: 2158.64619
[silencedetect @ 0x600003eec180] silence_end: 2166.698889 | silence_duration: 8.052698
[silencedetect @ 0x600003eec180] silence_start: 2167.773515
[silencedetect @ 0x600003eec180] silence_end: 2170.240522 | silence_duration: 2.467007
[silencedetect @ 0x600003eec180] silence_start: 2176.835465
[silencedetect @ 0x600003eec180] silence_end: 2178.89932 | silence_duration: 2.063855
[silencedetect @ 0x600003eec180] silence_start: 2182.171315
[silencedetect @ 0x600003eec180] silence_end: 2184.315692 | silence_duration: 2.144376
[silencedetect @ 0x600003eec180] silence_start: 2187.539161
[silencedetect @ 0x600003eec180] silence_end: 2189.636848 | silence_duration: 2.097687
[silencedetect @ 0x600003eec180] silence_start: 2193.549932
[silencedetect @ 0x600003eec180] silence_end: 2201.54907 | silence_duration: 7.999138
[silencedetect @ 0x600003eec180] silence_start: 2202.631247
[silencedetect @ 0x600003eec180] silence_end: 2205.114172 | silence_duration: 2.482925
[silencedetect @ 0x600003eec180] silence_start: 2209.853946
[silencedetect @ 0x600003eec180] silence_end: 2211.943991 | silence_duration: 2.090045
[silencedetect @ 0x600003eec180] silence_start: 2215.812154
[silencedetect @ 0x600003eec180] silence_end: 2217.896848 | silence_duration: 2.084694
[silencedetect @ 0x600003eec180] silence_start: 2221.00737
[silencedetect @ 0x600003eec180] silence_end: 2223.104762 | silence_duration: 2.097392
[silencedetect @ 0x600003eec180] silence_start: 2226.730703
[silencedetect @ 0x600003eec180] silence_end: 2234.515079 | silence_duration: 7.784376
[silencedetect @ 0x600003eec180] silence_start: 2235.595011
[silencedetect @ 0x600003eec180] silence_end: 2238.075034 | silence_duration: 2.480023
[silencedetect @ 0x600003eec180] silence_start: 2243.471859
[silencedetect @ 0x600003eec180] silence_end: 2245.566553 | silence_duration: 2.094694
size=N/A time=00:37:28.33 bitrate=N/A speed= 744x    [silencedetect @ 0x600003eec180] silence_start: 2248.651655
[silencedetect @ 0x600003eec180] silence_end: 2250.72551 | silence_duration: 2.073855
[silencedetect @ 0x600003eec180] silence_start: 2254.440703
[silencedetect @ 0x600003eec180] silence_end: 2256.534036 | silence_duration: 2.093333
[silencedetect @ 0x600003eec180] silence_start: 2259.610317
[silencedetect @ 0x600003eec180] silence_end: 2267.482449 | silence_duration: 7.872132
[silencedetect @ 0x600003eec180] silence_start: 2268.555556
[silencedetect @ 0x600003eec180] silence_end: 2271.036961 | silence_duration: 2.481406
[silencedetect @ 0x600003eec180] silence_start: 2276.582971
[silencedetect @ 0x600003eec180] silence_end: 2278.683991 | silence_duration: 2.10102
[silencedetect @ 0x600003eec180] silence_start: 2281.045986
[silencedetect @ 0x600003eec180] silence_end: 2283.120998 | silence_duration: 2.075011
[silencedetect @ 0x600003eec180] silence_start: 2285.566259
[silencedetect @ 0x600003eec180] silence_end: 2287.665646 | silence_duration: 2.099388
[silencedetect @ 0x600003eec180] silence_start: 2290.332177
[silencedetect @ 0x600003eec180] silence_end: 2298.224626 | silence_duration: 7.892449
[silencedetect @ 0x600003eec180] silence_start: 2299.321202
[silencedetect @ 0x600003eec180] silence_end: 2301.835374 | silence_duration: 2.514172
[silencedetect @ 0x600003eec180] silence_start: 2307.294467
[silencedetect @ 0x600003eec180] silence_end: 2309.371247 | silence_duration: 2.07678
[silencedetect @ 0x600003eec180] silence_start: 2312.349025
[silencedetect @ 0x600003eec180] silence_end: 2314.465306 | silence_duration: 2.116281
[silencedetect @ 0x600003eec180] silence_start: 2316.729252
[silencedetect @ 0x600003eec180] silence_end: 2318.808322 | silence_duration: 2.07907
[silencedetect @ 0x600003eec180] silence_start: 2321.292721
[silencedetect @ 0x600003eec180] silence_end: 2329.701043 | silence_duration: 8.408322
[silencedetect @ 0x600003eec180] silence_start: 2331.158322
[silencedetect @ 0x600003eec180] silence_end: 2333.553061 | silence_duration: 2.394739
[silencedetect @ 0x600003eec180] silence_start: 2339.251202
[silencedetect @ 0x600003eec180] silence_end: 2341.300998 | silence_duration: 2.049796
[silencedetect @ 0x600003eec180] silence_start: 2344.968503
[silencedetect @ 0x600003eec180] silence_end: 2347.064331 | silence_duration: 2.095828
[silencedetect @ 0x600003eec180] silence_start: 2350.212086
[silencedetect @ 0x600003eec180] silence_end: 2352.353039 | silence_duration: 2.140952
[silencedetect @ 0x600003eec180] silence_start: 2356.594082
[silencedetect @ 0x600003eec180] silence_end: 2364.992472 | silence_duration: 8.39839
[silencedetect @ 0x600003eec180] silence_start: 2366.45356
[silencedetect @ 0x600003eec180] silence_end: 2368.852404 | silence_duration: 2.398844
[silencedetect @ 0x600003eec180] silence_start: 2375.274966
[silencedetect @ 0x600003eec180] silence_end: 2377.353084 | silence_duration: 2.078118
[silencedetect @ 0x600003eec180] silence_start: 2380.301293
[silencedetect @ 0x600003eec180] silence_end: 2382.367392 | silence_duration: 2.0661
[silencedetect @ 0x600003eec180] silence_start: 2385.996281
[silencedetect @ 0x600003eec180] silence_end: 2388.124785 | silence_duration: 2.128503
[silencedetect @ 0x600003eec180] silence_start: 2391.464739
[silencedetect @ 0x600003eec180] silence_end: 2399.86585 | silence_duration: 8.401111
[silencedetect @ 0x600003eec180] silence_start: 2401.316372
[silencedetect @ 0x600003eec180] silence_end: 2403.712313 | silence_duration: 2.395941
[silencedetect @ 0x600003eec180] silence_start: 2409.181202
[silencedetect @ 0x600003eec180] silence_end: 2411.253492 | silence_duration: 2.07229
[silencedetect @ 0x600003eec180] silence_start: 2414.64712
[silencedetect @ 0x600003eec180] silence_end: 2416.724331 | silence_duration: 2.077211
[silencedetect @ 0x600003eec180] silence_start: 2420.029569
[silencedetect @ 0x600003eec180] silence_end: 2422.156712 | silence_duration: 2.127143
[silencedetect @ 0x600003eec180] silence_start: 2425.198934
[silencedetect @ 0x600003eec180] silence_end: 2433.56381 | silence_duration: 8.364875
[silencedetect @ 0x600003eec180] silence_start: 2435.026032
[silencedetect @ 0x600003eec180] silence_end: 2437.440544 | silence_duration: 2.414512
[silencedetect @ 0x600003eec180] silence_start: 2443.527143
[silencedetect @ 0x600003eec180] silence_end: 2445.587823 | silence_duration: 2.06068
[silencedetect @ 0x600003eec180] silence_start: 2447.946531
[silencedetect @ 0x600003eec180] silence_end: 2450.022426 | silence_duration: 2.075896
[silencedetect @ 0x600003eec180] silence_start: 2452.45746
[silencedetect @ 0x600003eec180] silence_end: 2454.537642 | silence_duration: 2.080181
[silencedetect @ 0x600003eec180] silence_start: 2457.422971
[silencedetect @ 0x600003eec180] silence_end: 2465.825125 | silence_duration: 8.402154
[silencedetect @ 0x600003eec180] silence_start: 2467.283333
[silencedetect @ 0x600003eec180] silence_end: 2469.672789 | silence_duration: 2.389456
[silencedetect @ 0x600003eec180] silence_start: 2473.600567
[silencedetect @ 0x600003eec180] silence_end: 2475.670975 | silence_duration: 2.070408
[silencedetect @ 0x600003eec180] silence_start: 2478.523333
[silencedetect @ 0x600003eec180] silence_end: 2480.629025 | silence_duration: 2.105692
[silencedetect @ 0x600003eec180] silence_start: 2483.777778
[silencedetect @ 0x600003eec180] silence_end: 2485.916961 | silence_duration: 2.139184
[silencedetect @ 0x600003eec180] silence_start: 2489.717234
[silencedetect @ 0x600003eec180] silence_end: 2498.138186 | silence_duration: 8.420952
[silencedetect @ 0x600003eec180] silence_start: 2499.596712
[silencedetect @ 0x600003eec180] silence_end: 2501.988435 | silence_duration: 2.391723
[silencedetect @ 0x600003eec180] silence_start: 2507.871814
[silencedetect @ 0x600003eec180] silence_end: 2509.939433 | silence_duration: 2.067619
[silencedetect @ 0x600003eec180] silence_start: 2513.110748
[silencedetect @ 0x600003eec180] silence_end: 2515.206871 | silence_duration: 2.096122
[silencedetect @ 0x600003eec180] silence_start: 2518.338118
[silencedetect @ 0x600003eec180] silence_end: 2520.461247 | silence_duration: 2.123129
[silencedetect @ 0x600003eec180] silence_start: 2523.404104
[silencedetect @ 0x600003eec180] silence_end: 2531.784308 | silence_duration: 8.380204
[silencedetect @ 0x600003eec180] silence_start: 2533.235261
[silencedetect @ 0x600003eec180] silence_end: 2535.630635 | silence_duration: 2.395374
[silencedetect @ 0x600003eec180] silence_start: 2540.628073
[silencedetect @ 0x600003eec180] silence_end: 2542.707596 | silence_duration: 2.079524
[silencedetect @ 0x600003eec180] silence_start: 2546.050612
[silencedetect @ 0x600003eec180] silence_end: 2548.124739 | silence_duration: 2.074127
[silencedetect @ 0x600003eec180] silence_start: 2551.143968
[silencedetect @ 0x600003eec180] silence_end: 2553.247528 | silence_duration: 2.10356
[silencedetect @ 0x600003eec180] silence_start: 2556.133628
[silencedetect @ 0x600003eec180] silence_end: 2564.567982 | silence_duration: 8.434354
[silencedetect @ 0x600003eec180] silence_start: 2566.028685
[silencedetect @ 0x600003eec180] silence_end: 2568.408526 | silence_duration: 2.379841
[silencedetect @ 0x600003eec180] silence_start: 2575.926032
[silencedetect @ 0x600003eec180] silence_end: 2577.994921 | silence_duration: 2.068889
[silencedetect @ 0x600003eec180] silence_start: 2581.26288
[silencedetect @ 0x600003eec180] silence_end: 2583.382993 | silence_duration: 2.120113
[silencedetect @ 0x600003eec180] silence_start: 2586.894739
[silencedetect @ 0x600003eec180] silence_end: 2589.014014 | silence_duration: 2.119274
[silencedetect @ 0x600003eec180] silence_start: 2592.680113
[silencedetect @ 0x600003eec180] silence_end: 2601.113311 | silence_duration: 8.433197
[silencedetect @ 0x600003eec180] silence_start: 2602.574626
[silencedetect @ 0x600003eec180] silence_end: 2604.979524 | silence_duration: 2.404898
[silencedetect @ 0x600003eec180] silence_start: 2611.194603
[silencedetect @ 0x600003eec180] silence_end: 2613.269206 | silence_duration: 2.074603
[silencedetect @ 0x600003eec180] silence_start: 2616.915465
[silencedetect @ 0x600003eec180] silence_end: 2618.989864 | silence_duration: 2.074399
[silencedetect @ 0x600003eec180] silence_start: 2622.556236
[silencedetect @ 0x600003eec180] silence_end: 2624.645488 | silence_duration: 2.089252
[silencedetect @ 0x600003eec180] silence_start: 2628.046961
[silencedetect @ 0x600003eec180] silence_end: 2636.430748 | silence_duration: 8.383787
[silencedetect @ 0x600003eec180] silence_start: 2637.887324
[silencedetect @ 0x600003eec180] silence_end: 2640.284014 | silence_duration: 2.396689
[silencedetect @ 0x600003eec180] silence_start: 2647.055964
[silencedetect @ 0x600003eec180] silence_end: 2649.136667 | silence_duration: 2.080703
[silencedetect @ 0x600003eec180] silence_start: 2651.73
[silencedetect @ 0x600003eec180] silence_end: 2653.842268 | silence_duration: 2.112268
[silencedetect @ 0x600003eec180] silence_start: 2656.172177
[silencedetect @ 0x600003eec180] silence_end: 2658.319819 | silence_duration: 2.147642
[silencedetect @ 0x600003eec180] silence_start: 2660.91941
[silencedetect @ 0x600003eec180] silence_end: 2669.345057 | silence_duration: 8.425646
[silencedetect @ 0x600003eec180] silence_start: 2670.801791
[silencedetect @ 0x600003eec180] silence_end: 2673.194195 | silence_duration: 2.392404
[silencedetect @ 0x600003eec180] silence_start: 2679.447392
[silencedetect @ 0x600003eec180] silence_end: 2681.528367 | silence_duration: 2.080975
[silencedetect @ 0x600003eec180] silence_start: 2685.363469
[silencedetect @ 0x600003eec180] silence_end: 2687.451655 | silence_duration: 2.088186
[silencedetect @ 0x600003eec180] silence_start: 2691.024785
[silencedetect @ 0x600003eec180] silence_end: 2693.127755 | silence_duration: 2.102971
[silencedetect @ 0x600003eec180] silence_start: 2696.766531
[silencedetect @ 0x600003eec180] silence_end: 2705.132789 | silence_duration: 8.366259
[silencedetect @ 0x600003eec180] silence_start: 2707.319433
[silencedetect @ 0x600003eec180] silence_end: 2709.754875 | silence_duration: 2.435442
[silencedetect @ 0x600003eec180] silence_start: 2714.659615
[silencedetect @ 0x600003eec180] silence_end: 2716.713764 | silence_duration: 2.05415
size=N/A time=00:45:21.85 bitrate=N/A speed= 772x    [silencedetect @ 0x600003eec180] silence_start: 2720.056417
[silencedetect @ 0x600003eec180] silence_end: 2722.149093 | silence_duration: 2.092676
[silencedetect @ 0x600003eec180] silence_start: 2725.235578
[silencedetect @ 0x600003eec180] silence_end: 2727.445011 | silence_duration: 2.209433
[silencedetect @ 0x600003eec180] silence_start: 2731.126463
[silencedetect @ 0x600003eec180] silence_end: 2739.332041 | silence_duration: 8.205578
[silencedetect @ 0x600003eec180] silence_start: 2740.414263
[silencedetect @ 0x600003eec180] silence_end: 2742.887166 | silence_duration: 2.472902
[silencedetect @ 0x600003eec180] silence_start: 2747.907687
[silencedetect @ 0x600003eec180] silence_end: 2750.02898 | silence_duration: 2.121293
[silencedetect @ 0x600003eec180] silence_start: 2752.548345
[silencedetect @ 0x600003eec180] silence_end: 2754.635102 | silence_duration: 2.086757
[silencedetect @ 0x600003eec180] silence_start: 2757.150363
[silencedetect @ 0x600003eec180] silence_end: 2759.333673 | silence_duration: 2.183311
[silencedetect @ 0x600003eec180] silence_start: 2762.119569
[silencedetect @ 0x600003eec180] silence_end: 2770.322789 | silence_duration: 8.20322
[silencedetect @ 0x600003eec180] silence_start: 2771.421655
[silencedetect @ 0x600003eec180] silence_end: 2773.884218 | silence_duration: 2.462562
[silencedetect @ 0x600003eec180] silence_start: 2779.629728
[silencedetect @ 0x600003eec180] silence_end: 2781.694694 | silence_duration: 2.064966
[silencedetect @ 0x600003eec180] silence_start: 2785.003696
[silencedetect @ 0x600003eec180] silence_end: 2787.08068 | silence_duration: 2.076984
[silencedetect @ 0x600003eec180] silence_start: 2790.430431
[silencedetect @ 0x600003eec180] silence_end: 2792.626213 | silence_duration: 2.195782
[silencedetect @ 0x600003eec180] silence_start: 2796.001293
[silencedetect @ 0x600003eec180] silence_end: 2799.082925 | silence_duration: 3.081633
[silencedetect @ 0x600003eec180] silence_start: 2800.176485
[silencedetect @ 0x600003eec180] silence_end: 2802.641066 | silence_duration: 2.46458
[silencedetect @ 0x600003eec180] silence_start: 2808.988821
[silencedetect @ 0x600003eec180] silence_end: 2811.112744 | silence_duration: 2.123923
[silencedetect @ 0x600003eec180] silence_start: 2814.21839
[silencedetect @ 0x600003eec180] silence_end: 2816.31737 | silence_duration: 2.09898
[silencedetect @ 0x600003eec180] silence_start: 2819.340227
[silencedetect @ 0x600003eec180] silence_end: 2821.446735 | silence_duration: 2.106508
[silencedetect @ 0x600003eec180] silence_start: 2824.598639
[silencedetect @ 0x600003eec180] silence_end: 2832.80932 | silence_duration: 8.21068
[silencedetect @ 0x600003eec180] silence_start: 2833.90288
[silencedetect @ 0x600003eec180] silence_end: 2836.385737 | silence_duration: 2.482857
[silencedetect @ 0x600003eec180] silence_start: 2840.06102
[silencedetect @ 0x600003eec180] silence_end: 2842.217868 | silence_duration: 2.156848
[silencedetect @ 0x600003eec180] silence_start: 2844.674127
[silencedetect @ 0x600003eec180] silence_end: 2846.7822 | silence_duration: 2.108073
[silencedetect @ 0x600003eec180] silence_start: 2849.356916
[silencedetect @ 0x600003eec180] silence_end: 2851.53737 | silence_duration: 2.180454
[silencedetect @ 0x600003eec180] silence_start: 2854.038345
[silencedetect @ 0x600003eec180] silence_end: 2862.246712 | silence_duration: 8.208367
[silencedetect @ 0x600003eec180] silence_start: 2863.331202
[silencedetect @ 0x600003eec180] silence_end: 2865.796621 | silence_duration: 2.46542
[silencedetect @ 0x600003eec180] silence_start: 2873.058503
[silencedetect @ 0x600003eec180] silence_end: 2875.167075 | silence_duration: 2.108571
[silencedetect @ 0x600003eec180] silence_start: 2878.835624
[silencedetect @ 0x600003eec180] silence_end: 2880.942222 | silence_duration: 2.106599
[silencedetect @ 0x600003eec180] silence_start: 2884.545578
[silencedetect @ 0x600003eec180] silence_end: 2886.656848 | silence_duration: 2.11127
[silencedetect @ 0x600003eec180] silence_start: 2890.69254
[silencedetect @ 0x600003eec180] silence_end: 2896.044104 | silence_duration: 5.351565
[silencedetect @ 0x600003eec180] silence_start: 2897.128617
[silencedetect @ 0x600003eec180] silence_end: 2899.597823 | silence_duration: 2.469206
[silencedetect @ 0x600003eec180] silence_start: 2904.353787
[silencedetect @ 0x600003eec180] silence_end: 2906.509229 | silence_duration: 2.155442
[silencedetect @ 0x600003eec180] silence_start: 2909.713061
[silencedetect @ 0x600003eec180] silence_end: 2911.793492 | silence_duration: 2.080431
[silencedetect @ 0x600003eec180] silence_start: 2914.46839
[silencedetect @ 0x600003eec180] silence_end: 2916.559637 | silence_duration: 2.091247
[silencedetect @ 0x600003eec180] silence_start: 2919.304626
[silencedetect @ 0x600003eec180] silence_end: 2927.649909 | silence_duration: 8.345283
[silencedetect @ 0x600003eec180] silence_start: 2928.784422
[silencedetect @ 0x600003eec180] silence_end: 2931.207052 | silence_duration: 2.42263
[silencedetect @ 0x600003eec180] silence_start: 2935.912063
[silencedetect @ 0x600003eec180] silence_end: 2938.005125 | silence_duration: 2.093061
[silencedetect @ 0x600003eec180] silence_start: 2941.159751
[silencedetect @ 0x600003eec180] silence_end: 2943.231383 | silence_duration: 2.071633
[silencedetect @ 0x600003eec180] silence_start: 2946.998458
[silencedetect @ 0x600003eec180] silence_end: 2949.089365 | silence_duration: 2.090907
[silencedetect @ 0x600003eec180] silence_start: 2952.919433
[silencedetect @ 0x600003eec180] silence_end: 2961.089456 | silence_duration: 8.170023
[silencedetect @ 0x600003eec180] silence_start: 2962.171633
[silencedetect @ 0x600003eec180] silence_end: 2964.631066 | silence_duration: 2.459433
[silencedetect @ 0x600003eec180] silence_start: 2970.211814
[silencedetect @ 0x600003eec180] silence_end: 2972.360794 | silence_duration: 2.14898
[silencedetect @ 0x600003eec180] silence_start: 2975.001497
[silencedetect @ 0x600003eec180] silence_end: 2977.082925 | silence_duration: 2.081429
[silencedetect @ 0x600003eec180] silence_start: 2979.469048
[silencedetect @ 0x600003eec180] silence_end: 2981.563197 | silence_duration: 2.09415
[silencedetect @ 0x600003eec180] silence_start: 2983.658798
[silencedetect @ 0x600003eec180] silence_end: 2991.846735 | silence_duration: 8.187937
[silencedetect @ 0x600003eec180] silence_start: 2992.931202
[silencedetect @ 0x600003eec180] silence_end: 2995.411859 | silence_duration: 2.480658
[silencedetect @ 0x600003eec180] silence_start: 3001.25449
[silencedetect @ 0x600003eec180] silence_end: 3003.35254 | silence_duration: 2.09805
[silencedetect @ 0x600003eec180] silence_start: 3006.597392
[silencedetect @ 0x600003eec180] silence_end: 3008.689138 | silence_duration: 2.091746
[silencedetect @ 0x600003eec180] silence_start: 3011.634172
[silencedetect @ 0x600003eec180] silence_end: 3013.749819 | silence_duration: 2.115646
[silencedetect @ 0x600003eec180] silence_start: 3016.82415
[silencedetect @ 0x600003eec180] silence_end: 3024.970476 | silence_duration: 8.146327
[silencedetect @ 0x600003eec180] silence_start: 3026.056417
[silencedetect @ 0x600003eec180] silence_end: 3028.530385 | silence_duration: 2.473968
[silencedetect @ 0x600003eec180] silence_start: 3033.354943
[silencedetect @ 0x600003eec180] silence_end: 3035.459206 | silence_duration: 2.104263
[silencedetect @ 0x600003eec180] silence_start: 3037.868299
[silencedetect @ 0x600003eec180] silence_end: 3039.948141 | silence_duration: 2.079841
[silencedetect @ 0x600003eec180] silence_start: 3043.025193
[silencedetect @ 0x600003eec180] silence_end: 3045.095692 | silence_duration: 2.070499
[silencedetect @ 0x600003eec180] silence_start: 3047.434943
[silencedetect @ 0x600003eec180] silence_end: 3055.410159 | silence_duration: 7.975215
[silencedetect @ 0x600003eec180] silence_start: 3056.542381
[silencedetect @ 0x600003eec180] silence_end: 3058.964444 | silence_duration: 2.422063
[silencedetect @ 0x600003eec180] silence_start: 3065.000658
[silencedetect @ 0x600003eec180] silence_end: 3067.107664 | silence_duration: 2.107007
[silencedetect @ 0x600003eec180] silence_start: 3069.818821
[silencedetect @ 0x600003eec180] silence_end: 3071.921633 | silence_duration: 2.102812
[silencedetect @ 0x600003eec180] silence_start: 3074.873673
[silencedetect @ 0x600003eec180] silence_end: 3076.963424 | silence_duration: 2.089751
[silencedetect @ 0x600003eec180] silence_start: 3080.01415
[silencedetect @ 0x600003eec180] silence_end: 3088.203651 | silence_duration: 8.189501
[silencedetect @ 0x600003eec180] silence_start: 3089.346485
[silencedetect @ 0x600003eec180] silence_end: 3091.751134 | silence_duration: 2.404649
size=N/A time=00:51:36.37 bitrate=N/A speed= 768x    [silencedetect @ 0x600003eec180] silence_start: 3101.327007
[silencedetect @ 0x600003eec180] silence_end: 3103.395079 | silence_duration: 2.068073
[silencedetect @ 0x600003eec180] silence_start: 3107.725465
[silencedetect @ 0x600003eec180] silence_end: 3109.798095 | silence_duration: 2.07263
[silencedetect @ 0x600003eec180] silence_start: 3112.590113
[silencedetect @ 0x600003eec180] silence_end: 3114.711814 | silence_duration: 2.121701
[silencedetect @ 0x600003eec180] silence_start: 3117.672041
[silencedetect @ 0x600003eec180] silence_end: 3125.706463 | silence_duration: 8.034422
[silencedetect @ 0x600003eec180] silence_start: 3126.868209
[silencedetect @ 0x600003eec180] silence_end: 3129.261429 | silence_duration: 2.39322
[silencedetect @ 0x600003eec180] silence_start: 3133.640045
[silencedetect @ 0x600003eec180] silence_end: 3135.710544 | silence_duration: 2.070499
[silencedetect @ 0x600003eec180] silence_start: 3138.498299
[silencedetect @ 0x600003eec180] silence_end: 3140.661383 | silence_duration: 2.163084
[silencedetect @ 0x600003eec180] silence_start: 3143.867937
[silencedetect @ 0x600003eec180] silence_end: 3145.936463 | silence_duration: 2.068526
[silencedetect @ 0x600003eec180] silence_start: 3148.146281
[silencedetect @ 0x600003eec180] silence_end: 3156.352063 | silence_duration: 8.205782
[silencedetect @ 0x600003eec180] silence_start: 3157.513832
[silencedetect @ 0x600003eec180] silence_end: 3159.912698 | silence_duration: 2.398866
[silencedetect @ 0x600003eec180] silence_start: 3163.973628
[silencedetect @ 0x600003eec180] silence_end: 3166.101995 | silence_duration: 2.128367
[silencedetect @ 0x600003eec180] silence_start: 3169.006236
[silencedetect @ 0x600003eec180] silence_end: 3171.099887 | silence_duration: 2.093651
[silencedetect @ 0x600003eec180] silence_start: 3174.176122
[silencedetect @ 0x600003eec180] silence_end: 3176.286961 | silence_duration: 2.110839
[silencedetect @ 0x600003eec180] silence_start: 3178.787914
[silencedetect @ 0x600003eec180] silence_end: 3186.930635 | silence_duration: 8.142721
[silencedetect @ 0x600003eec180] silence_start: 3188.092426
[silencedetect @ 0x600003eec180] silence_end: 3190.486871 | silence_duration: 2.394444
[silencedetect @ 0x600003eec180] silence_start: 3195.25839
[silencedetect @ 0x600003eec180] silence_end: 3197.349229 | silence_duration: 2.090839
[silencedetect @ 0x600003eec180] silence_start: 3200.771315
[silencedetect @ 0x600003eec180] silence_end: 3202.840454 | silence_duration: 2.069138
[silencedetect @ 0x600003eec180] silence_start: 3206.021587
[silencedetect @ 0x600003eec180] silence_end: 3208.092834 | silence_duration: 2.071247
[silencedetect @ 0x600003eec180] silence_start: 3211.23805
[silencedetect @ 0x600003eec180] silence_end: 3219.310635 | silence_duration: 8.072585
[silencedetect @ 0x600003eec180] silence_start: 3220.470884
[silencedetect @ 0x600003eec180] silence_end: 3222.886893 | silence_duration: 2.416009
[silencedetect @ 0x600003eec180] silence_start: 3228.997619
[silencedetect @ 0x600003eec180] silence_end: 3231.097914 | silence_duration: 2.100295
[silencedetect @ 0x600003eec180] silence_start: 3234.107075
[silencedetect @ 0x600003eec180] silence_end: 3236.220612 | silence_duration: 2.113537
[silencedetect @ 0x600003eec180] silence_start: 3239.65737
[silencedetect @ 0x600003eec180] silence_end: 3241.86102 | silence_duration: 2.203651
[silencedetect @ 0x600003eec180] silence_start: 3244.333878
[silencedetect @ 0x600003eec180] silence_end: 3252.444444 | silence_duration: 8.110567
[silencedetect @ 0x600003eec180] silence_start: 3253.604694
[silencedetect @ 0x600003eec180] silence_end: 3255.99415 | silence_duration: 2.389456
[silencedetect @ 0x600003eec180] silence_start: 3262.753197
[silencedetect @ 0x600003eec180] silence_end: 3264.950295 | silence_duration: 2.197098
[silencedetect @ 0x600003eec180] silence_start: 3267.536168
[silencedetect @ 0x600003eec180] silence_end: 3269.639297 | silence_duration: 2.103129
[silencedetect @ 0x600003eec180] silence_start: 3272.386576
[silencedetect @ 0x600003eec180] silence_end: 3274.487959 | silence_duration: 2.101383
[silencedetect @ 0x600003eec180] silence_start: 3277.506531
[silencedetect @ 0x600003eec180] silence_end: 3285.63288 | silence_duration: 8.126349
[silencedetect @ 0x600003eec180] silence_start: 3286.794671
[silencedetect @ 0x600003eec180] silence_end: 3289.186327 | silence_duration: 2.391655
[silencedetect @ 0x600003eec180] silence_start: 3295.515669
[silencedetect @ 0x600003eec180] silence_end: 3297.716281 | silence_duration: 2.200612
[silencedetect @ 0x600003eec180] silence_start: 3301.326508
[silencedetect @ 0x600003eec180] silence_end: 3303.364195 | silence_duration: 2.037687
[silencedetect @ 0x600003eec180] silence_start: 3306.091837
[silencedetect @ 0x600003eec180] silence_end: 3308.165283 | silence_duration: 2.073447
[silencedetect @ 0x600003eec180] silence_start: 3311.352562
[silencedetect @ 0x600003eec180] silence_end: 3319.520612 | silence_duration: 8.16805
[silencedetect @ 0x600003eec180] silence_start: 3320.682381
[silencedetect @ 0x600003eec180] silence_end: 3323.077778 | silence_duration: 2.395397
[silencedetect @ 0x600003eec180] silence_start: 3329.387188
[silencedetect @ 0x600003eec180] silence_end: 3331.438141 | silence_duration: 2.050952
[silencedetect @ 0x600003eec180] silence_start: 3334.734512
[silencedetect @ 0x600003eec180] silence_end: 3336.925873 | silence_duration: 2.191361
[silencedetect @ 0x600003eec180] silence_start: 3339.871429
[silencedetect @ 0x600003eec180] silence_end: 3342.020113 | silence_duration: 2.148685
[silencedetect @ 0x600003eec180] silence_start: 3344.83195
[silencedetect @ 0x600003eec180] silence_end: 3352.987755 | silence_duration: 8.155805
[silencedetect @ 0x600003eec180] silence_start: 3354.148005
[silencedetect @ 0x600003eec180] silence_end: 3356.529365 | silence_duration: 2.381361
[silencedetect @ 0x600003eec180] silence_start: 3362.928186
[silencedetect @ 0x600003eec180] silence_end: 3365.005261 | silence_duration: 2.077075
[silencedetect @ 0x600003eec180] silence_start: 3368.457755
[silencedetect @ 0x600003eec180] silence_end: 3370.525034 | silence_duration: 2.067279
[silencedetect @ 0x600003eec180] silence_start: 3373.737732
[silencedetect @ 0x600003eec180] silence_end: 3375.84381 | silence_duration: 2.106077
[silencedetect @ 0x600003eec180] silence_start: 3379.359841
[silencedetect @ 0x600003eec180] silence_end: 3387.433447 | silence_duration: 8.073605
[silencedetect @ 0x600003eec180] silence_start: 3388.593719
[silencedetect @ 0x600003eec180] silence_end: 3390.998594 | silence_duration: 2.404875
[silencedetect @ 0x600003eec180] silence_start: 3397.145669
[silencedetect @ 0x600003eec180] silence_end: 3399.16254 | silence_duration: 2.016871
[silencedetect @ 0x600003eec180] silence_start: 3403.120544
[silencedetect @ 0x600003eec180] silence_end: 3405.325261 | silence_duration: 2.204717
[silencedetect @ 0x600003eec180] silence_start: 3409.21254
[silencedetect @ 0x600003eec180] silence_end: 3411.390816 | silence_duration: 2.178277
[silencedetect @ 0x600003eec180] silence_start: 3415.883356
[silencedetect @ 0x600003eec180] silence_end: 3423.953424 | silence_duration: 8.070068
[silencedetect @ 0x600003eec180] silence_start: 3425.113696
[silencedetect @ 0x600003eec180] silence_end: 3427.510363 | silence_duration: 2.396667
[silencedetect @ 0x600003eec180] silence_start: 3435.405329
[silencedetect @ 0x600003eec180] silence_end: 3437.43195 | silence_duration: 2.026621
[silencedetect @ 0x600003eec180] silence_start: 3440.546984
[silencedetect @ 0x600003eec180] silence_end: 3442.708481 | silence_duration: 2.161497
[silencedetect @ 0x600003eec180] silence_start: 3445.146122
[silencedetect @ 0x600003eec180] silence_end: 3447.228866 | silence_duration: 2.082744
[silencedetect @ 0x600003eec180] silence_start: 3449.497052
[silencedetect @ 0x600003eec180] silence_end: 3457.589116 | silence_duration: 8.092063
[silencedetect @ 0x600003eec180] silence_start: 3458.741066
[silencedetect @ 0x600003eec180] silence_end: 3461.143356 | silence_duration: 2.40229
[silencedetect @ 0x600003eec180] silence_start: 3469.079569
[silencedetect @ 0x600003eec180] silence_end: 3471.236984 | silence_duration: 2.157415
[silencedetect @ 0x600003eec180] silence_start: 3474.617347
[silencedetect @ 0x600003eec180] silence_end: 3476.701791 | silence_duration: 2.084444
[silencedetect @ 0x600003eec180] silence_start: 3479.582993
[silencedetect @ 0x600003eec180] silence_end: 3481.684671 | silence_duration: 2.101678
[silencedetect @ 0x600003eec180] silence_start: 3484.913401
[silencedetect @ 0x600003eec180] silence_end: 3493.061905 | silence_duration: 8.148503
size=N/A time=00:58:17.14 bitrate=N/A speed= 771x    [silencedetect @ 0x600003eec180] silence_start: 3495.17161
[silencedetect @ 0x600003eec180] silence_end: 3497.536825 | silence_duration: 2.365215
[silencedetect @ 0x600003eec180] silence_start: 3503.581746
[silencedetect @ 0x600003eec180] silence_end: 3505.656213 | silence_duration: 2.074467
[silencedetect @ 0x600003eec180] silence_start: 3509.084059
[silencedetect @ 0x600003eec180] silence_end: 3511.24517 | silence_duration: 2.161111
[silencedetect @ 0x600003eec180] silence_start: 3514.340884
[silencedetect @ 0x600003eec180] silence_end: 3516.426281 | silence_duration: 2.085397
[silencedetect @ 0x600003eec180] silence_start: 3519.623968
[silencedetect @ 0x600003eec180] silence_end: 3527.816281 | silence_duration: 8.192313
[silencedetect @ 0x600003eec180] silence_start: 3529.003061
[silencedetect @ 0x600003eec180] silence_end: 3531.371247 | silence_duration: 2.368186
[silencedetect @ 0x600003eec180] silence_start: 3535.784422
[silencedetect @ 0x600003eec180] silence_end: 3537.895941 | silence_duration: 2.111519
[silencedetect @ 0x600003eec180] silence_start: 3541.394127
[silencedetect @ 0x600003eec180] silence_end: 3543.493764 | silence_duration: 2.099637
[silencedetect @ 0x600003eec180] silence_start: 3546.573311
[silencedetect @ 0x600003eec180] silence_end: 3548.689887 | silence_duration: 2.116576
[silencedetect @ 0x600003eec180] silence_start: 3551.843333
[silencedetect @ 0x600003eec180] silence_end: 3560.020068 | silence_duration: 8.176735
[silencedetect @ 0x600003eec180] silence_start: 3561.20229
[silencedetect @ 0x600003eec180] silence_end: 3563.579501 | silence_duration: 2.377211
[silencedetect @ 0x600003eec180] silence_start: 3569.087642
[silencedetect @ 0x600003eec180] silence_end: 3571.214036 | silence_duration: 2.126395
[silencedetect @ 0x600003eec180] silence_start: 3574.534649
[silencedetect @ 0x600003eec180] silence_end: 3576.61195 | silence_duration: 2.077302
[silencedetect @ 0x600003eec180] silence_start: 3580.067506
[silencedetect @ 0x600003eec180] silence_end: 3582.220408 | silence_duration: 2.152902
[silencedetect @ 0x600003eec180] silence_start: 3585.749478
[silencedetect @ 0x600003eec180] silence_end: 3593.946871 | silence_duration: 8.197392
[silencedetect @ 0x600003eec180] silence_start: 3595.110159
[silencedetect @ 0x600003eec180] silence_end: 3597.503039 | silence_duration: 2.39288
[silencedetect @ 0x600003eec180] silence_start: 3602.09195
[silencedetect @ 0x600003eec180] silence_end: 3604.231066 | silence_duration: 2.139116
[silencedetect @ 0x600003eec180] silence_start: 3607.52619
[silencedetect @ 0x600003eec180] silence_end: 3609.661293 | silence_duration: 2.135102
[silencedetect @ 0x600003eec180] silence_start: 3612.779637
[silencedetect @ 0x600003eec180] silence_end: 3614.861678 | silence_duration: 2.082041
[silencedetect @ 0x600003eec180] silence_start: 3617.797143
[silencedetect @ 0x600003eec180] silence_end: 3625.947596 | silence_duration: 8.150454
[silencedetect @ 0x600003eec180] silence_start: 3627.118481
[silencedetect @ 0x600003eec180] silence_end: 3629.523832 | silence_duration: 2.405351
[silencedetect @ 0x600003eec180] silence_start: 3635.141293
[silencedetect @ 0x600003eec180] silence_end: 3637.218435 | silence_duration: 2.077143
[silencedetect @ 0x600003eec180] silence_start: 3640.038141
[silencedetect @ 0x600003eec180] silence_end: 3642.157755 | silence_duration: 2.119615
[silencedetect @ 0x600003eec180] silence_start: 3645.094762
[silencedetect @ 0x600003eec180] silence_end: 3647.204127 | silence_duration: 2.109365
[silencedetect @ 0x600003eec180] silence_start: 3650.12585
[silencedetect @ 0x600003eec180] silence_end: 3658.229093 | silence_duration: 8.103243
[silencedetect @ 0x600003eec180] silence_start: 3659.41356
[silencedetect @ 0x600003eec180] silence_end: 3661.77873 | silence_duration: 2.36517
[silencedetect @ 0x600003eec180] silence_start: 3668.104785
[silencedetect @ 0x600003eec180] silence_end: 3670.164898 | silence_duration: 2.060113
[silencedetect @ 0x600003eec180] silence_start: 3673.861565
[silencedetect @ 0x600003eec180] silence_end: 3675.975624 | silence_duration: 2.114059
[silencedetect @ 0x600003eec180] silence_start: 3679.543129
[silencedetect @ 0x600003eec180] silence_end: 3681.626621 | silence_duration: 2.083492
[silencedetect @ 0x600003eec180] silence_start: 3685.296372
[silencedetect @ 0x600003eec180] silence_end: 3693.428753 | silence_duration: 8.132381
[silencedetect @ 0x600003eec180] silence_start: 3694.60415
[silencedetect @ 0x600003eec180] silence_end: 3696.982177 | silence_duration: 2.378027
[silencedetect @ 0x600003eec180] silence_start: 3703.008458
[silencedetect @ 0x600003eec180] silence_end: 3705.180658 | silence_duration: 2.1722
[silencedetect @ 0x600003eec180] silence_start: 3708.602857
[silencedetect @ 0x600003eec180] silence_end: 3710.722653 | silence_duration: 2.119796
[silencedetect @ 0x600003eec180] silence_start: 3713.764354
[silencedetect @ 0x600003eec180] silence_end: 3715.937188 | silence_duration: 2.172834
[silencedetect @ 0x600003eec180] silence_start: 3719.469456
[silencedetect @ 0x600003eec180] silence_end: 3727.577619 | silence_duration: 8.108163
[silencedetect @ 0x600003eec180] silence_start: 3728.753039
[silencedetect @ 0x600003eec180] silence_end: 3731.13322 | silence_duration: 2.380181
[silencedetect @ 0x600003eec180] silence_start: 3738.460023
[silencedetect @ 0x600003eec180] silence_end: 3740.608345 | silence_duration: 2.148322
[silencedetect @ 0x600003eec180] silence_start: 3744.092336
[silencedetect @ 0x600003eec180] silence_end: 3746.214626 | silence_duration: 2.12229
[silencedetect @ 0x600003eec180] silence_start: 3749.871791
[silencedetect @ 0x600003eec180] silence_end: 3751.996349 | silence_duration: 2.124558
[silencedetect @ 0x600003eec180] silence_start: 3754.83932
[silencedetect @ 0x600003eec180] silence_end: 3763.02619 | silence_duration: 8.186871
[silencedetect @ 0x600003eec180] silence_start: 3764.21068
[silencedetect @ 0x600003eec180] silence_end: 3766.5678 | silence_duration: 2.35712
[silencedetect @ 0x600003eec180] silence_start: 3772.77068
[silencedetect @ 0x600003eec180] silence_end: 3774.910091 | silence_duration: 2.13941
[silencedetect @ 0x600003eec180] silence_start: 3777.964966
[silencedetect @ 0x600003eec180] silence_end: 3780.079955 | silence_duration: 2.114989
[silencedetect @ 0x600003eec180] silence_start: 3782.591565
[silencedetect @ 0x600003eec180] silence_end: 3784.746984 | silence_duration: 2.15542
[silencedetect @ 0x600003eec180] silence_start: 3787.660816
[silencedetect @ 0x600003eec180] silence_end: 3795.828163 | silence_duration: 8.167347
[silencedetect @ 0x600003eec180] silence_start: 3797.010363
[silencedetect @ 0x600003eec180] silence_end: 3799.393265 | silence_duration: 2.382902
[silencedetect @ 0x600003eec180] silence_start: 3803.002608
[silencedetect @ 0x600003eec180] silence_end: 3805.172766 | silence_duration: 2.170159
[silencedetect @ 0x600003eec180] silence_start: 3807.738322
[silencedetect @ 0x600003eec180] silence_end: 3809.822041 | silence_duration: 2.083719
[silencedetect @ 0x600003eec180] silence_start: 3812.866259
[silencedetect @ 0x600003eec180] silence_end: 3814.913537 | silence_duration: 2.047279
[silencedetect @ 0x600003eec180] silence_start: 3817.7839
[silencedetect @ 0x600003eec180] silence_end: 3825.866259 | silence_duration: 8.082358
[silencedetect @ 0x600003eec180] silence_start: 3827.043175
[silencedetect @ 0x600003eec180] silence_end: 3829.423107 | silence_duration: 2.379932
[silencedetect @ 0x600003eec180] silence_start: 3834.952971
[silencedetect @ 0x600003eec180] silence_end: 3837.076531 | silence_duration: 2.12356
[silencedetect @ 0x600003eec180] silence_start: 3840.424535
[silencedetect @ 0x600003eec180] silence_end: 3842.568005 | silence_duration: 2.143469
[silencedetect @ 0x600003eec180] silence_start: 3845.749955
[silencedetect @ 0x600003eec180] silence_end: 3847.871043 | silence_duration: 2.121088
[silencedetect @ 0x600003eec180] silence_start: 3850.946939
[silencedetect @ 0x600003eec180] silence_end: 3859.183401 | silence_duration: 8.236463
[silencedetect @ 0x600003eec180] silence_start: 3860.365624
[silencedetect @ 0x600003eec180] silence_end: 3862.735079 | silence_duration: 2.369456
[silencedetect @ 0x600003eec180] silence_start: 3868.929365
[silencedetect @ 0x600003eec180] silence_end: 3871.056803 | silence_duration: 2.127438
[silencedetect @ 0x600003eec180] silence_start: 3874.503492
[silencedetect @ 0x600003eec180] silence_end: 3876.655624 | silence_duration: 2.152132
[silencedetect @ 0x600003eec180] silence_start: 3880.201474
[silencedetect @ 0x600003eec180] silence_end: 3882.313265 | silence_duration: 2.111791
[silencedetect @ 0x600003eec180] silence_start: 3886.041134
[silencedetect @ 0x600003eec180] silence_end: 3894.185986 | silence_duration: 8.144853
size=N/A time=01:05:03.42 bitrate=N/A speed= 774x    [silencedetect @ 0x600003eec180] silence_start: 3901.9761
[silencedetect @ 0x600003eec180] silence_end: 3904.057937 | silence_duration: 2.081837
[silencedetect @ 0x600003eec180] silence_start: 3907.446803
[silencedetect @ 0x600003eec180] silence_end: 3909.496395 | silence_duration: 2.049592
[silencedetect @ 0x600003eec180] silence_start: 3911.852676
[silencedetect @ 0x600003eec180] silence_end: 3913.89458 | silence_duration: 2.041905
[silencedetect @ 0x600003eec180] silence_start: 3916.835261
[silencedetect @ 0x600003eec180] silence_end: 3925.071519 | silence_duration: 8.236259
[silencedetect @ 0x600003eec180] silence_start: 3926.371224
[silencedetect @ 0x600003eec180] silence_end: 3928.617664 | silence_duration: 2.24644
[silencedetect @ 0x600003eec180] silence_start: 3934.663447
[silencedetect @ 0x600003eec180] silence_end: 3936.686871 | silence_duration: 2.023424
[silencedetect @ 0x600003eec180] silence_start: 3940.078912
[silencedetect @ 0x600003eec180] silence_end: 3942.153333 | silence_duration: 2.074422
[silencedetect @ 0x600003eec180] silence_start: 3945.915488
[silencedetect @ 0x600003eec180] silence_end: 3947.974218 | silence_duration: 2.05873
[silencedetect @ 0x600003eec180] silence_start: 3951.401361
[silencedetect @ 0x600003eec180] silence_end: 3959.618413 | silence_duration: 8.217052
[silencedetect @ 0x600003eec180] silence_start: 3960.937846
[silencedetect @ 0x600003eec180] silence_end: 3963.171655 | silence_duration: 2.23381
[silencedetect @ 0x600003eec180] silence_start: 3970.802222
[silencedetect @ 0x600003eec180] silence_end: 3972.864626 | silence_duration: 2.062404
[silencedetect @ 0x600003eec180] silence_start: 3975.545488
[silencedetect @ 0x600003eec180] silence_end: 3977.590249 | silence_duration: 2.044762
[silencedetect @ 0x600003eec180] silence_start: 3980.298322
[silencedetect @ 0x600003eec180] silence_end: 3982.359569 | silence_duration: 2.061247
[silencedetect @ 0x600003eec180] silence_start: 3984.945714
[silencedetect @ 0x600003eec180] silence_end: 3993.169342 | silence_duration: 8.223628
[silencedetect @ 0x600003eec180] silence_start: 3994.509955
[silencedetect @ 0x600003eec180] silence_end: 3996.724762 | silence_duration: 2.214807
[silencedetect @ 0x600003eec180] silence_start: 4003.533175
[silencedetect @ 0x600003eec180] silence_end: 4005.588231 | silence_duration: 2.055057
[silencedetect @ 0x600003eec180] silence_start: 4008.923356
[silencedetect @ 0x600003eec180] silence_end: 4010.96551 | silence_duration: 2.042154
[silencedetect @ 0x600003eec180] silence_start: 4014.293039
[silencedetect @ 0x600003eec180] silence_end: 4016.373855 | silence_duration: 2.080816
[silencedetect @ 0x600003eec180] silence_start: 4019.00263
[silencedetect @ 0x600003eec180] silence_end: 4027.298413 | silence_duration: 8.295782
[silencedetect @ 0x600003eec180] silence_start: 4028.628413
[silencedetect @ 0x600003eec180] silence_end: 4030.86644 | silence_duration: 2.238027
[silencedetect @ 0x600003eec180] silence_start: 4037.194036
[silencedetect @ 0x600003eec180] silence_end: 4039.260023 | silence_duration: 2.065986
[silencedetect @ 0x600003eec180] silence_start: 4042.068186
[silencedetect @ 0x600003eec180] silence_end: 4044.110635 | silence_duration: 2.042449
[silencedetect @ 0x600003eec180] silence_start: 4047.204331
[silencedetect @ 0x600003eec180] silence_end: 4049.276916 | silence_duration: 2.072585
[silencedetect @ 0x600003eec180] silence_start: 4052.170363
[silencedetect @ 0x600003eec180] silence_end: 4060.410544 | silence_duration: 8.240181
[silencedetect @ 0x600003eec180] silence_start: 4061.745102
[silencedetect @ 0x600003eec180] silence_end: 4063.959819 | silence_duration: 2.214717
[silencedetect @ 0x600003eec180] silence_start: 4069.229909
[silencedetect @ 0x600003eec180] silence_end: 4071.249365 | silence_duration: 2.019456
[silencedetect @ 0x600003eec180] silence_start: 4073.974512
[silencedetect @ 0x600003eec180] silence_end: 4076.052494 | silence_duration: 2.077982
[silencedetect @ 0x600003eec180] silence_start: 4079.205215
[silencedetect @ 0x600003eec180] silence_end: 4081.270045 | silence_duration: 2.06483
[silencedetect @ 0x600003eec180] silence_start: 4084.720023
[silencedetect @ 0x600003eec180] silence_end: 4092.949274 | silence_duration: 8.229252
[silencedetect @ 0x600003eec180] silence_start: 4094.280816
[silencedetect @ 0x600003eec180] silence_end: 4096.502426 | silence_duration: 2.22161
[silencedetect @ 0x600003eec180] silence_start: 4103.691791
[silencedetect @ 0x600003eec180] silence_end: 4105.763084 | silence_duration: 2.071293
[silencedetect @ 0x600003eec180] silence_start: 4108.76229
[silencedetect @ 0x600003eec180] silence_end: 4110.939705 | silence_duration: 2.177415
[silencedetect @ 0x600003eec180] silence_start: 4113.471156
[silencedetect @ 0x600003eec180] silence_end: 4115.62195 | silence_duration: 2.150794
[silencedetect @ 0x600003eec180] silence_start: 4118.886825
[silencedetect @ 0x600003eec180] silence_end: 4127.186122 | silence_duration: 8.299297
[silencedetect @ 0x600003eec180] silence_start: 4128.520658
[silencedetect @ 0x600003eec180] silence_end: 4130.732381 | silence_duration: 2.211723
[silencedetect @ 0x600003eec180] silence_start: 4137.116621
[silencedetect @ 0x600003eec180] silence_end: 4139.227551 | silence_duration: 2.11093
[silencedetect @ 0x600003eec180] silence_start: 4142.931179
[silencedetect @ 0x600003eec180] silence_end: 4145.022857 | silence_duration: 2.091678
[silencedetect @ 0x600003eec180] silence_start: 4148.880703
[silencedetect @ 0x600003eec180] silence_end: 4151.017506 | silence_duration: 2.136803
[silencedetect @ 0x600003eec180] silence_start: 4154.337619
[silencedetect @ 0x600003eec180] silence_end: 4162.597188 | silence_duration: 8.259569
[silencedetect @ 0x600003eec180] silence_start: 4163.92873
[silencedetect @ 0x600003eec180] silence_end: 4166.138776 | silence_duration: 2.210045
[silencedetect @ 0x600003eec180] silence_start: 4174.251224
[silencedetect @ 0x600003eec180] silence_end: 4176.309116 | silence_duration: 2.057891
[silencedetect @ 0x600003eec180] silence_start: 4179.876825
[silencedetect @ 0x600003eec180] silence_end: 4181.956553 | silence_duration: 2.079728
[silencedetect @ 0x600003eec180] silence_start: 4185.287098
[silencedetect @ 0x600003eec180] silence_end: 4187.381882 | silence_duration: 2.094785
[silencedetect @ 0x600003eec180] silence_start: 4191.066077
[silencedetect @ 0x600003eec180] silence_end: 4199.315374 | silence_duration: 8.249297
[silencedetect @ 0x600003eec180] silence_start: 4200.615079
[silencedetect @ 0x600003eec180] silence_end: 4202.872268 | silence_duration: 2.257188
[silencedetect @ 0x600003eec180] silence_start: 4208.977075
[silencedetect @ 0x600003eec180] silence_end: 4211.039569 | silence_duration: 2.062494
[silencedetect @ 0x600003eec180] silence_start: 4215.254898
[silencedetect @ 0x600003eec180] silence_end: 4217.368685 | silence_duration: 2.113787
[silencedetect @ 0x600003eec180] silence_start: 4220.733333
[silencedetect @ 0x600003eec180] silence_end: 4222.821043 | silence_duration: 2.08771
[silencedetect @ 0x600003eec180] silence_start: 4226.433265
[silencedetect @ 0x600003eec180] silence_end: 4234.669456 | silence_duration: 8.23619
[silencedetect @ 0x600003eec180] silence_start: 4236.011587
[silencedetect @ 0x600003eec180] silence_end: 4238.225737 | silence_duration: 2.21415
[silencedetect @ 0x600003eec180] silence_start: 4244.840454
[silencedetect @ 0x600003eec180] silence_end: 4247.063175 | silence_duration: 2.222721
[silencedetect @ 0x600003eec180] silence_start: 4250.086916
[silencedetect @ 0x600003eec180] silence_end: 4252.13093 | silence_duration: 2.044014
[silencedetect @ 0x600003eec180] silence_start: 4256.171202
[silencedetect @ 0x600003eec180] silence_end: 4258.272834 | silence_duration: 2.101633
[silencedetect @ 0x600003eec180] silence_start: 4261.874104
[silencedetect @ 0x600003eec180] silence_end: 4270.166417 | silence_duration: 8.292313
[silencedetect @ 0x600003eec180] silence_start: 4271.49644
[silencedetect @ 0x600003eec180] silence_end: 4273.717029 | silence_duration: 2.22059
[silencedetect @ 0x600003eec180] silence_start: 4280.147438
[silencedetect @ 0x600003eec180] silence_end: 4282.254195 | silence_duration: 2.106757
[silencedetect @ 0x600003eec180] silence_start: 4284.957324
[silencedetect @ 0x600003eec180] silence_end: 4287.036032 | silence_duration: 2.078707
[silencedetect @ 0x600003eec180] silence_start: 4290.120952
[silencedetect @ 0x600003eec180] silence_end: 4292.231066 | silence_duration: 2.110113
[silencedetect @ 0x600003eec180] silence_start: 4295.0961
[silencedetect @ 0x600003eec180] silence_end: 4303.350816 | silence_duration: 8.254717
[silencedetect @ 0x600003eec180] silence_start: 4304.660363
[silencedetect @ 0x600003eec180] silence_end: 4306.895986 | silence_duration: 2.235624
[silencedetect @ 0x600003eec180] silence_start: 4309.43585
[silencedetect @ 0x600003eec180] silence_end: 4312.236803 | silence_duration: 2.800952
[silencedetect @ 0x600003eec180] silence_start: 4313.4122
[silencedetect @ 0x600003eec180] silence_end: 4315.784172 | silence_duration: 2.371973
[silencedetect @ 0x600003eec180] silence_start: 4320.701134
[silencedetect @ 0x600003eec180] silence_end: 4322.777098 | silence_duration: 2.075964
[silencedetect @ 0x600003eec180] silence_start: 4325.929615
[silencedetect @ 0x600003eec180] silence_end: 4327.999932 | silence_duration: 2.070317
[silencedetect @ 0x600003eec180] silence_start: 4331.177438
[silencedetect @ 0x600003eec180] silence_end: 4333.268345 | silence_duration: 2.090907
[silencedetect @ 0x600003eec180] silence_start: 4337.155125
[silencedetect @ 0x600003eec180] silence_end: 4345.296871 | silence_duration: 8.141746
[silencedetect @ 0x600003eec180] silence_start: 4346.461655
[silencedetect @ 0x600003eec180] silence_end: 4348.851837 | silence_duration: 2.390181
[silencedetect @ 0x600003eec180] silence_start: 4352.958141
[silencedetect @ 0x600003eec180] silence_end: 4355.018549 | silence_duration: 2.060408
size=N/A time=01:12:39.00 bitrate=N/A speed= 786x    [silencedetect @ 0x600003eec180] silence_start: 4357.551043
[silencedetect @ 0x600003eec180] silence_end: 4359.625986 | silence_duration: 2.074943
[silencedetect @ 0x600003eec180] silence_start: 4362.747256
[silencedetect @ 0x600003eec180] silence_end: 4364.840408 | silence_duration: 2.093152
[silencedetect @ 0x600003eec180] silence_start: 4367.486984
[silencedetect @ 0x600003eec180] silence_end: 4375.262698 | silence_duration: 7.775714
[silencedetect @ 0x600003eec180] silence_start: 4376.422948
[silencedetect @ 0x600003eec180] silence_end: 4378.822132 | silence_duration: 2.399184
[silencedetect @ 0x600003eec180] silence_start: 4383.811927
[silencedetect @ 0x600003eec180] silence_end: 4385.86898 | silence_duration: 2.057052
[silencedetect @ 0x600003eec180] silence_start: 4388.853356
[silencedetect @ 0x600003eec180] silence_end: 4390.922449 | silence_duration: 2.069093
[silencedetect @ 0x600003eec180] silence_start: 4393.477098
[silencedetect @ 0x600003eec180] silence_end: 4395.545397 | silence_duration: 2.068299
[silencedetect @ 0x600003eec180] silence_start: 4398.534762
[silencedetect @ 0x600003eec180] silence_end: 4406.2761 | silence_duration: 7.741338
[silencedetect @ 0x600003eec180] silence_start: 4407.43941
[silencedetect @ 0x600003eec180] silence_end: 4409.832336 | silence_duration: 2.392925
[silencedetect @ 0x600003eec180] silence_start: 4415.921293
[silencedetect @ 0x600003eec180] silence_end: 4417.959252 | silence_duration: 2.037959
[silencedetect @ 0x600003eec180] silence_start: 4421.594059
[silencedetect @ 0x600003eec180] silence_end: 4423.63542 | silence_duration: 2.041361
[silencedetect @ 0x600003eec180] silence_start: 4426.941179
[silencedetect @ 0x600003eec180] silence_end: 4429.050907 | silence_duration: 2.109728
[silencedetect @ 0x600003eec180] silence_start: 4432.643311
[silencedetect @ 0x600003eec180] silence_end: 4440.32576 | silence_duration: 7.682449
[silencedetect @ 0x600003eec180] silence_start: 4441.487528
[silencedetect @ 0x600003eec180] silence_end: 4443.902041 | silence_duration: 2.414512
[silencedetect @ 0x600003eec180] silence_start: 4450.665714
[silencedetect @ 0x600003eec180] silence_end: 4452.756984 | silence_duration: 2.09127
[silencedetect @ 0x600003eec180] silence_start: 4456.400771
[silencedetect @ 0x600003eec180] silence_end: 4458.492585 | silence_duration: 2.091814
[silencedetect @ 0x600003eec180] silence_start: 4461.761701
[silencedetect @ 0x600003eec180] silence_end: 4463.828776 | silence_duration: 2.067075
[silencedetect @ 0x600003eec180] silence_start: 4467.246667
[silencedetect @ 0x600003eec180] silence_end: 4475.318707 | silence_duration: 8.072041
[silencedetect @ 0x600003eec180] silence_start: 4476.481995
[silencedetect @ 0x600003eec180] silence_end: 4478.868413 | silence_duration: 2.386417
[silencedetect @ 0x600003eec180] silence_start: 4484.217007
[silencedetect @ 0x600003eec180] silence_end: 4486.284966 | silence_duration: 2.067959
[silencedetect @ 0x600003eec180] silence_start: 4489.921927
[silencedetect @ 0x600003eec180] silence_end: 4492.003288 | silence_duration: 2.081361
[silencedetect @ 0x600003eec180] silence_start: 4496.096667
[silencedetect @ 0x600003eec180] silence_end: 4498.194467 | silence_duration: 2.0978
[silencedetect @ 0x600003eec180] silence_start: 4502.71093
[silencedetect @ 0x600003eec180] silence_end: 4510.31356 | silence_duration: 7.60263
[silencedetect @ 0x600003eec180] silence_start: 4511.475329
[silencedetect @ 0x600003eec180] silence_end: 4513.866961 | silence_duration: 2.391633
[silencedetect @ 0x600003eec180] silence_start: 4519.84873
[silencedetect @ 0x600003eec180] silence_end: 4521.897959 | silence_duration: 2.049229
[silencedetect @ 0x600003eec180] silence_start: 4525.056349
[silencedetect @ 0x600003eec180] silence_end: 4527.105578 | silence_duration: 2.049229
[silencedetect @ 0x600003eec180] silence_start: 4530.42966
[silencedetect @ 0x600003eec180] silence_end: 4532.512449 | silence_duration: 2.082789
[silencedetect @ 0x600003eec180] silence_start: 4536.543515
[silencedetect @ 0x600003eec180] silence_end: 4544.366689 | silence_duration: 7.823175
[silencedetect @ 0x600003eec180] silence_start: 4545.533787
[silencedetect @ 0x600003eec180] silence_end: 4547.922313 | silence_duration: 2.388526
[silencedetect @ 0x600003eec180] silence_start: 4553.723741
[silencedetect @ 0x600003eec180] silence_end: 4555.853197 | silence_duration: 2.129456
[silencedetect @ 0x600003eec180] silence_start: 4558.100658
[silencedetect @ 0x600003eec180] silence_end: 4560.139909 | silence_duration: 2.039252
[silencedetect @ 0x600003eec180] silence_start: 4562.472744
[silencedetect @ 0x600003eec180] silence_end: 4564.548753 | silence_duration: 2.076009
[silencedetect @ 0x600003eec180] silence_start: 4567.759615
[silencedetect @ 0x600003eec180] silence_end: 4575.38517 | silence_duration: 7.625556
[silencedetect @ 0x600003eec180] silence_start: 4576.56059
[silencedetect @ 0x600003eec180] silence_end: 4578.92678 | silence_duration: 2.36619
[silencedetect @ 0x600003eec180] silence_start: 4583.841315
[silencedetect @ 0x600003eec180] silence_end: 4585.913039 | silence_duration: 2.071723
[silencedetect @ 0x600003eec180] silence_start: 4588.816893
[silencedetect @ 0x600003eec180] silence_end: 4590.91127 | silence_duration: 2.094376
[silencedetect @ 0x600003eec180] silence_start: 4594.29551
[silencedetect @ 0x600003eec180] silence_end: 4596.358299 | silence_duration: 2.062789
[silencedetect @ 0x600003eec180] silence_start: 4600.496259
[silencedetect @ 0x600003eec180] silence_end: 4608.426825 | silence_duration: 7.930567
[silencedetect @ 0x600003eec180] silence_start: 4609.588617
[silencedetect @ 0x600003eec180] silence_end: 4611.993424 | silence_duration: 2.404807
[silencedetect @ 0x600003eec180] silence_start: 4618.947891
[silencedetect @ 0x600003eec180] silence_end: 4621.02415 | silence_duration: 2.076259
[silencedetect @ 0x600003eec180] silence_start: 4624.253855
[silencedetect @ 0x600003eec180] silence_end: 4626.295692 | silence_duration: 2.041837
[silencedetect @ 0x600003eec180] silence_start: 4629.431111
[silencedetect @ 0x600003eec180] silence_end: 4631.526122 | silence_duration: 2.095011
[silencedetect @ 0x600003eec180] silence_start: 4635.135669
[silencedetect @ 0x600003eec180] silence_end: 4642.488866 | silence_duration: 7.353197
[silencedetect @ 0x600003eec180] silence_start: 4643.650635
[silencedetect @ 0x600003eec180] silence_end: 4646.045805 | silence_duration: 2.39517
[silencedetect @ 0x600003eec180] silence_start: 4650.731655
[silencedetect @ 0x600003eec180] silence_end: 4652.807574 | silence_duration: 2.075918
[silencedetect @ 0x600003eec180] silence_start: 4655.250113
[silencedetect @ 0x600003eec180] silence_end: 4657.302902 | silence_duration: 2.052789
[silencedetect @ 0x600003eec180] silence_start: 4659.500113
[silencedetect @ 0x600003eec180] silence_end: 4661.596009 | silence_duration: 2.095896
[silencedetect @ 0x600003eec180] silence_start: 4664.826077
[silencedetect @ 0x600003eec180] silence_end: 4672.454694 | silence_duration: 7.628617
[silencedetect @ 0x600003eec180] silence_start: 4673.617982
[silencedetect @ 0x600003eec180] silence_end: 4676.006485 | silence_duration: 2.388503
[silencedetect @ 0x600003eec180] silence_start: 4683.093923
[silencedetect @ 0x600003eec180] silence_end: 4685.150023 | silence_duration: 2.0561
[silencedetect @ 0x600003eec180] silence_start: 4688.157551
[silencedetect @ 0x600003eec180] silence_end: 4690.238549 | silence_duration: 2.080998
[silencedetect @ 0x600003eec180] silence_start: 4693.457438
[silencedetect @ 0x600003eec180] silence_end: 4695.523243 | silence_duration: 2.065805
[silencedetect @ 0x600003eec180] silence_start: 4699.251179
[silencedetect @ 0x600003eec180] silence_end: 4707.52424 | silence_duration: 8.273061
[silencedetect @ 0x600003eec180] silence_start: 4708.702721
[silencedetect @ 0x600003eec180] silence_end: 4711.06034 | silence_duration: 2.357619
[silencedetect @ 0x600003eec180] silence_start: 4715.178118
[silencedetect @ 0x600003eec180] silence_end: 4717.221927 | silence_duration: 2.04381
[silencedetect @ 0x600003eec180] silence_start: 4719.898639
[silencedetect @ 0x600003eec180] silence_end: 4722.012857 | silence_duration: 2.114218
[silencedetect @ 0x600003eec180] silence_start: 4724.757732
[silencedetect @ 0x600003eec180] silence_end: 4726.830454 | silence_duration: 2.072721
[silencedetect @ 0x600003eec180] silence_start: 4729.584603
[silencedetect @ 0x600003eec180] silence_end: 4737.729955 | silence_duration: 8.145351
[silencedetect @ 0x600003eec180] silence_start: 4738.92127
[silencedetect @ 0x600003eec180] silence_end: 4741.284898 | silence_duration: 2.363628
[silencedetect @ 0x600003eec180] silence_start: 4747.651769
[silencedetect @ 0x600003eec180] silence_end: 4749.709955 | silence_duration: 2.058186
[silencedetect @ 0x600003eec180] silence_start: 4753.111519
[silencedetect @ 0x600003eec180] silence_end: 4755.218095 | silence_duration: 2.106576
[silencedetect @ 0x600003eec180] silence_start: 4758.610635
[silencedetect @ 0x600003eec180] silence_end: 4760.674082 | silence_duration: 2.063447
[silencedetect @ 0x600003eec180] silence_start: 4765.169637
[silencedetect @ 0x600003eec180] silence_end: 4773.279342 | silence_duration: 8.109705
[silencedetect @ 0x600003eec180] silence_start: 4774.456281
[silencedetect @ 0x600003eec180] silence_end: 4776.839751 | silence_duration: 2.383469
[silencedetect @ 0x600003eec180] silence_start: 4783.694785
[silencedetect @ 0x600003eec180] silence_end: 4785.745442 | silence_duration: 2.050658
size=N/A time=01:19:47.64 bitrate=N/A speed= 791x    [silencedetect @ 0x600003eec180] silence_start: 4789.633787
[silencedetect @ 0x600003eec180] silence_end: 4791.806939 | silence_duration: 2.173152
[silencedetect @ 0x600003eec180] silence_start: 4794.832744
[silencedetect @ 0x600003eec180] silence_end: 4796.938776 | silence_duration: 2.106032
[silencedetect @ 0x600003eec180] silence_start: 4799.738617
[silencedetect @ 0x600003eec180] silence_end: 4807.851859 | silence_duration: 8.113243
[silencedetect @ 0x600003eec180] silence_start: 4809.038662
[silencedetect @ 0x600003eec180] silence_end: 4811.408027 | silence_duration: 2.369365
[silencedetect @ 0x600003eec180] silence_start: 4817.598027
[silencedetect @ 0x600003eec180] silence_end: 4819.895125 | silence_duration: 2.297098
[silencedetect @ 0x600003eec180] silence_start: 4822.929796
[silencedetect @ 0x600003eec180] silence_end: 4825.014785 | silence_duration: 2.084989
[silencedetect @ 0x600003eec180] silence_start: 4828.045465
[silencedetect @ 0x600003eec180] silence_end: 4830.112132 | silence_duration: 2.066667
[silencedetect @ 0x600003eec180] silence_start: 4833.060363
[silencedetect @ 0x600003eec180] silence_end: 4841.17458 | silence_duration: 8.114218
[silencedetect @ 0x600003eec180] silence_start: 4842.349977
[silencedetect @ 0x600003eec180] silence_end: 4844.750816 | silence_duration: 2.400839
[silencedetect @ 0x600003eec180] silence_start: 4853.775624
[silencedetect @ 0x600003eec180] silence_end: 4855.843084 | silence_duration: 2.06746
[silencedetect @ 0x600003eec180] silence_start: 4859.617483
[silencedetect @ 0x600003eec180] silence_end: 4861.698209 | silence_duration: 2.080726
[silencedetect @ 0x600003eec180] silence_start: 4866.009615
[silencedetect @ 0x600003eec180] silence_end: 4868.121088 | silence_duration: 2.111474
[silencedetect @ 0x600003eec180] silence_start: 4872.178186
[silencedetect @ 0x600003eec180] silence_end: 4880.281179 | silence_duration: 8.102993
[silencedetect @ 0x600003eec180] silence_start: 4881.461905
[silencedetect @ 0x600003eec180] silence_end: 4883.830839 | silence_duration: 2.368934
[silencedetect @ 0x600003eec180] silence_start: 4890.358005
[silencedetect @ 0x600003eec180] silence_end: 4892.423946 | silence_duration: 2.065941
[silencedetect @ 0x600003eec180] silence_start: 4895.172063
[silencedetect @ 0x600003eec180] silence_end: 4897.250317 | silence_duration: 2.078254
[silencedetect @ 0x600003eec180] silence_start: 4899.93932
[silencedetect @ 0x600003eec180] silence_end: 4902.000567 | silence_duration: 2.061247
[silencedetect @ 0x600003eec180] silence_start: 4904.739116
[silencedetect @ 0x600003eec180] silence_end: 4912.861927 | silence_duration: 8.122812
[silencedetect @ 0x600003eec180] silence_start: 4914.044172
[silencedetect @ 0x600003eec180] silence_end: 4916.41542 | silence_duration: 2.371247
[silencedetect @ 0x600003eec180] silence_start: 4925.112336
[silencedetect @ 0x600003eec180] silence_end: 4927.150272 | silence_duration: 2.037937
[silencedetect @ 0x600003eec180] silence_start: 4930.561995
[silencedetect @ 0x600003eec180] silence_end: 4932.660998 | silence_duration: 2.099002
[silencedetect @ 0x600003eec180] silence_start: 4936.085057
[silencedetect @ 0x600003eec180] silence_end: 4938.164694 | silence_duration: 2.079637
[silencedetect @ 0x600003eec180] silence_start: 4941.238299
[silencedetect @ 0x600003eec180] silence_end: 4949.39 | silence_duration: 8.151701
[silencedetect @ 0x600003eec180] silence_start: 4950.581315
[silencedetect @ 0x600003eec180] silence_end: 4952.945624 | silence_duration: 2.364308
[silencedetect @ 0x600003eec180] silence_start: 4957.505193
[silencedetect @ 0x600003eec180] silence_end: 4959.583039 | silence_duration: 2.077846
[silencedetect @ 0x600003eec180] silence_start: 4963.107007
[silencedetect @ 0x600003eec180] silence_end: 4965.138141 | silence_duration: 2.031134
[silencedetect @ 0x600003eec180] silence_start: 4968.559637
[silencedetect @ 0x600003eec180] silence_end: 4970.605329 | silence_duration: 2.045692
[silencedetect @ 0x600003eec180] silence_start: 4973.909048
[silencedetect @ 0x600003eec180] silence_end: 4982.058549 | silence_duration: 8.149501
[silencedetect @ 0x600003eec180] silence_start: 4983.239274
[silencedetect @ 0x600003eec180] silence_end: 4985.600159 | silence_duration: 2.360884
[silencedetect @ 0x600003eec180] silence_start: 4992.448231
[silencedetect @ 0x600003eec180] silence_end: 4994.527211 | silence_duration: 2.07898
[silencedetect @ 0x600003eec180] silence_start: 4998.932268
[silencedetect @ 0x600003eec180] silence_end: 5001.024626 | silence_duration: 2.092358
[silencedetect @ 0x600003eec180] silence_start: 5004.003084
[silencedetect @ 0x600003eec180] silence_end: 5006.08 | silence_duration: 2.076916
[silencedetect @ 0x600003eec180] silence_start: 5009.185306
[silencedetect @ 0x600003eec180] silence_end: 5017.322857 | silence_duration: 8.137551
[silencedetect @ 0x600003eec180] silence_start: 5018.499796
[silencedetect @ 0x600003eec180] silence_end: 5020.887959 | silence_duration: 2.388163
[silencedetect @ 0x600003eec180] silence_start: 5027.232517
[silencedetect @ 0x600003eec180] silence_end: 5029.297959 | silence_duration: 2.065442
[silencedetect @ 0x600003eec180] silence_start: 5032.636395
[silencedetect @ 0x600003eec180] silence_end: 5034.737664 | silence_duration: 2.10127
[silencedetect @ 0x600003eec180] silence_start: 5038.601769
[silencedetect @ 0x600003eec180] silence_end: 5040.715873 | silence_duration: 2.114104
[silencedetect @ 0x600003eec180] silence_start: 5044.040317
[silencedetect @ 0x600003eec180] silence_end: 5052.235918 | silence_duration: 8.195601
[silencedetect @ 0x600003eec180] silence_start: 5053.416621
[silencedetect @ 0x600003eec180] silence_end: 5055.792744 | silence_duration: 2.376122
[silencedetect @ 0x600003eec180] silence_start: 5063.058503
[silencedetect @ 0x600003eec180] silence_end: 5065.147937 | silence_duration: 2.089433
[silencedetect @ 0x600003eec180] silence_start: 5068.125556
[silencedetect @ 0x600003eec180] silence_end: 5070.228549 | silence_duration: 2.102993
[silencedetect @ 0x600003eec180] silence_start: 5073.157551
[silencedetect @ 0x600003eec180] silence_end: 5075.231202 | silence_duration: 2.073651
[silencedetect @ 0x600003eec180] silence_start: 5078.663628
[silencedetect @ 0x600003eec180] silence_end: 5086.749592 | silence_duration: 8.085964
[silencedetect @ 0x600003eec180] silence_start: 5087.926531
[silencedetect @ 0x600003eec180] silence_end: 5090.301134 | silence_duration: 2.374603
[silencedetect @ 0x600003eec180] silence_start: 5097.040159
[silencedetect @ 0x600003eec180] silence_end: 5099.082426 | silence_duration: 2.042268
[silencedetect @ 0x600003eec180] silence_start: 5102.250522
[silencedetect @ 0x600003eec180] silence_end: 5104.346939 | silence_duration: 2.096417
[silencedetect @ 0x600003eec180] silence_start: 5107.465306
[silencedetect @ 0x600003eec180] silence_end: 5109.547347 | silence_duration: 2.082041
[silencedetect @ 0x600003eec180] silence_start: 5112.423288
[silencedetect @ 0x600003eec180] silence_end: 5120.618141 | silence_duration: 8.194853
[silencedetect @ 0x600003eec180] silence_start: 5121.798844
[silencedetect @ 0x600003eec180] silence_end: 5127.923583 | silence_duration: 6.124739
size=N/A time=01:25:29.84 bitrate=N/A speed= 783x    [silencedetect @ 0x600003eec180] silence_start: 5129.116395
[silencedetect @ 0x600003eec180] silence_end: 5131.470839 | silence_duration: 2.354444
[silencedetect @ 0x600003eec180] silence_start: 5137.183673
[silencedetect @ 0x600003eec180] silence_end: 5139.241701 | silence_duration: 2.058027
[silencedetect @ 0x600003eec180] silence_start: 5142.739252
[silencedetect @ 0x600003eec180] silence_end: 5144.828526 | silence_duration: 2.089274
[silencedetect @ 0x600003eec180] silence_start: 5148.181655
[silencedetect @ 0x600003eec180] silence_end: 5150.265011 | silence_duration: 2.083356
[silencedetect @ 0x600003eec180] silence_start: 5153.264014
[silencedetect @ 0x600003eec180] silence_end: 5161.195941 | silence_duration: 7.931927
[silencedetect @ 0x600003eec180] silence_start: 5162.384263
[silencedetect @ 0x600003eec180] silence_end: 5164.750907 | silence_duration: 2.366644
[silencedetect @ 0x600003eec180] silence_start: 5171.562154
[silencedetect @ 0x600003eec180] silence_end: 5173.638073 | silence_duration: 2.075918
[silencedetect @ 0x600003eec180] silence_start: 5176.913356
[silencedetect @ 0x600003eec180] silence_end: 5178.955601 | silence_duration: 2.042245
[silencedetect @ 0x600003eec180] silence_start: 5182.045578
[silencedetect @ 0x600003eec180] silence_end: 5184.10415 | silence_duration: 2.058571
[silencedetect @ 0x600003eec180] silence_start: 5187.281633
[silencedetect @ 0x600003eec180] silence_end: 5195.214195 | silence_duration: 7.932562
[silencedetect @ 0x600003eec180] silence_start: 5196.402494
[silencedetect @ 0x600003eec180] silence_end: 5198.772426 | silence_duration: 2.369932
[silencedetect @ 0x600003eec180] silence_start: 5205.474354
[silencedetect @ 0x600003eec180] silence_end: 5207.534263 | silence_duration: 2.059909
[silencedetect @ 0x600003eec180] silence_start: 5210.957687
[silencedetect @ 0x600003eec180] silence_end: 5213.068526 | silence_duration: 2.110839
[silencedetect @ 0x600003eec180] silence_start: 5215.937687
[silencedetect @ 0x600003eec180] silence_end: 5218.029909 | silence_duration: 2.092222
[silencedetect @ 0x600003eec180] silence_start: 5221.6722
[silencedetect @ 0x600003eec180] silence_end: 5229.640544 | silence_duration: 7.968345
[silencedetect @ 0x600003eec180] silence_start: 5230.833379
[silencedetect @ 0x600003eec180] silence_end: 5233.196689 | silence_duration: 2.363311
[silencedetect @ 0x600003eec180] silence_start: 5239.326644
[silencedetect @ 0x600003eec180] silence_end: 5241.441587 | silence_duration: 2.114943
[silencedetect @ 0x600003eec180] silence_start: 5244.386893
[silencedetect @ 0x600003eec180] silence_end: 5246.457574 | silence_duration: 2.07068
[silencedetect @ 0x600003eec180] silence_start: 5249.211678
[silencedetect @ 0x600003eec180] silence_end: 5251.26 | silence_duration: 2.048322
[silencedetect @ 0x600003eec180] silence_start: 5254.330136
[silencedetect @ 0x600003eec180] silence_end: 5262.294195 | silence_duration: 7.964059
[silencedetect @ 0x600003eec180] silence_start: 5263.48932
[silencedetect @ 0x600003eec180] silence_end: 5265.870454 | silence_duration: 2.381134
[silencedetect @ 0x600003eec180] silence_start: 5272.17839
[silencedetect @ 0x600003eec180] silence_end: 5274.220907 | silence_duration: 2.042517
[silencedetect @ 0x600003eec180] silence_start: 5276.862358
[silencedetect @ 0x600003eec180] silence_end: 5278.891293 | silence_duration: 2.028934
[silencedetect @ 0x600003eec180] silence_start: 5281.276259
[silencedetect @ 0x600003eec180] silence_end: 5283.317937 | silence_duration: 2.041678
[silencedetect @ 0x600003eec180] silence_start: 5286.081224
[silencedetect @ 0x600003eec180] silence_end: 5294.004444 | silence_duration: 7.92322
[silencedetect @ 0x600003eec180] silence_start: 5295.197302
[silencedetect @ 0x600003eec180] silence_end: 5297.554059 | silence_duration: 2.356757
[silencedetect @ 0x600003eec180] silence_start: 5304.3661
[silencedetect @ 0x600003eec180] silence_end: 5306.448277 | silence_duration: 2.082177
[silencedetect @ 0x600003eec180] silence_start: 5310.139342
[silencedetect @ 0x600003eec180] silence_end: 5312.19805 | silence_duration: 2.058707
[silencedetect @ 0x600003eec180] silence_start: 5315.205488
[silencedetect @ 0x600003eec180] silence_end: 5317.249501 | silence_duration: 2.044014
[silencedetect @ 0x600003eec180] silence_start: 5320.425238
[silencedetect @ 0x600003eec180] silence_end: 5328.377937 | silence_duration: 7.952698
[silencedetect @ 0x600003eec180] silence_start: 5329.562472
[silencedetect @ 0x600003eec180] silence_end: 5331.931315 | silence_duration: 2.368844
[silencedetect @ 0x600003eec180] silence_start: 5338.533741
[silencedetect @ 0x600003eec180] silence_end: 5340.606644 | silence_duration: 2.072902
[silencedetect @ 0x600003eec180] silence_start: 5343.565782
[silencedetect @ 0x600003eec180] silence_end: 5345.612812 | silence_duration: 2.047029
[silencedetect @ 0x600003eec180] silence_start: 5348.226032
[silencedetect @ 0x600003eec180] silence_end: 5350.326712 | silence_duration: 2.10068
[silencedetect @ 0x600003eec180] silence_start: 5353.685034
[silencedetect @ 0x600003eec180] silence_end: 5361.635964 | silence_duration: 7.95093
[silencedetect @ 0x600003eec180] silence_start: 5362.828798
[silencedetect @ 0x600003eec180] silence_end: 5365.191587 | silence_duration: 2.362789
[silencedetect @ 0x600003eec180] silence_start: 5370.797846
[silencedetect @ 0x600003eec180] silence_end: 5372.88381 | silence_duration: 2.085964
[silencedetect @ 0x600003eec180] silence_start: 5375.983605
[silencedetect @ 0x600003eec180] silence_end: 5378.054558 | silence_duration: 2.070952
[silencedetect @ 0x600003eec180] silence_start: 5381.353946
[silencedetect @ 0x600003eec180] silence_end: 5383.455397 | silence_duration: 2.101451
[silencedetect @ 0x600003eec180] silence_start: 5386.761905
[silencedetect @ 0x600003eec180] silence_end: 5394.733673 | silence_duration: 7.971769
[silencedetect @ 0x600003eec180] silence_start: 5395.921973
[silencedetect @ 0x600003eec180] silence_end: 5398.275306 | silence_duration: 2.353333
[silencedetect @ 0x600003eec180] silence_start: 5405.105692
[silencedetect @ 0x600003eec180] silence_end: 5407.175329 | silence_duration: 2.069637
[silencedetect @ 0x600003eec180] silence_start: 5410.630839
[silencedetect @ 0x600003eec180] silence_end: 5412.764059 | silence_duration: 2.13322
[silencedetect @ 0x600003eec180] silence_start: 5416.094104
[silencedetect @ 0x600003eec180] silence_end: 5418.190272 | silence_duration: 2.096168
[silencedetect @ 0x600003eec180] silence_start: 5421.033175
[silencedetect @ 0x600003eec180] silence_end: 5429.037166 | silence_duration: 8.003991
[silencedetect @ 0x600003eec180] silence_start: 5430.21941
[silencedetect @ 0x600003eec180] silence_end: 5432.602268 | silence_duration: 2.382857
[silencedetect @ 0x600003eec180] silence_start: 5437.699773
[silencedetect @ 0x600003eec180] silence_end: 5439.791519 | silence_duration: 2.091746
[silencedetect @ 0x600003eec180] silence_start: 5443.5561
[silencedetect @ 0x600003eec180] silence_end: 5445.633084 | silence_duration: 2.076984
[silencedetect @ 0x600003eec180] silence_start: 5448.769569
[silencedetect @ 0x600003eec180] silence_end: 5450.822676 | silence_duration: 2.053107
[silencedetect @ 0x600003eec180] silence_start: 5454.02034
[silencedetect @ 0x600003eec180] silence_end: 5461.996054 | silence_duration: 7.975714
[silencedetect @ 0x600003eec180] silence_start: 5463.188889
[silencedetect @ 0x600003eec180] silence_end: 5465.552857 | silence_duration: 2.363968
size=N/A time=01:31:12.75 bitrate=N/A speed= 775x    [silencedetect @ 0x600003eec180] silence_start: 5471.244512
[silencedetect @ 0x600003eec180] silence_end: 5473.312857 | silence_duration: 2.068345
[silencedetect @ 0x600003eec180] silence_start: 5476.725011
[silencedetect @ 0x600003eec180] silence_end: 5478.797619 | silence_duration: 2.072608
[silencedetect @ 0x600003eec180] silence_start: 5482.144807
[silencedetect @ 0x600003eec180] silence_end: 5484.195578 | silence_duration: 2.050771
[silencedetect @ 0x600003eec180] silence_start: 5487.947506
[silencedetect @ 0x600003eec180] silence_end: 5495.883991 | silence_duration: 7.936485
[silencedetect @ 0x600003eec180] silence_start: 5497.076825
[silencedetect @ 0x600003eec180] silence_end: 5499.43542 | silence_duration: 2.358594
[silencedetect @ 0x600003eec180] silence_start: 5505.557211
[silencedetect @ 0x600003eec180] silence_end: 5507.632676 | silence_duration: 2.075465
[silencedetect @ 0x600003eec180] silence_start: 5511.21966
[silencedetect @ 0x600003eec180] silence_end: 5513.29458 | silence_duration: 2.074921
[silencedetect @ 0x600003eec180] silence_start: 5516.214603
[silencedetect @ 0x600003eec180] silence_end: 5518.316032 | silence_duration: 2.101429
[silencedetect @ 0x600003eec180] silence_start: 5521.933016
[silencedetect @ 0x600003eec180] silence_end: 5529.890181 | silence_duration: 7.957166
[silencedetect @ 0x600003eec180] silence_start: 5532.996689
[silencedetect @ 0x600003eec180] silence_end: 5535.365261 | silence_duration: 2.368571
[silencedetect @ 0x600003eec180] silence_start: 5543.180091
[silencedetect @ 0x600003eec180] silence_end: 5545.311406 | silence_duration: 2.131315
[silencedetect @ 0x600003eec180] silence_start: 5549.201587
[silencedetect @ 0x600003eec180] silence_end: 5551.467029 | silence_duration: 2.265442
[silencedetect @ 0x600003eec180] silence_start: 5554.399909
[silencedetect @ 0x600003eec180] silence_end: 5556.613311 | silence_duration: 2.213401
[silencedetect @ 0x600003eec180] silence_start: 5560.284172
[silencedetect @ 0x600003eec180] silence_end: 5568.422857 | silence_duration: 8.138685
[silencedetect @ 0x600003eec180] silence_start: 5569.611179
[silencedetect @ 0x600003eec180] silence_end: 5571.9778 | silence_duration: 2.366621
[silencedetect @ 0x600003eec180] silence_start: 5578.834218
[silencedetect @ 0x600003eec180] silence_end: 5580.937438 | silence_duration: 2.10322
[silencedetect @ 0x600003eec180] silence_start: 5583.740748
[silencedetect @ 0x600003eec180] silence_end: 5585.874354 | silence_duration: 2.133605
[silencedetect @ 0x600003eec180] silence_start: 5590.443605
[silencedetect @ 0x600003eec180] silence_end: 5592.629615 | silence_duration: 2.186009
[silencedetect @ 0x600003eec180] silence_start: 5596.215873
[silencedetect @ 0x600003eec180] silence_end: 5604.496621 | silence_duration: 8.280748
[silencedetect @ 0x600003eec180] silence_start: 5605.678844
[silencedetect @ 0x600003eec180] silence_end: 5608.056054 | silence_duration: 2.377211
[silencedetect @ 0x600003eec180] silence_start: 5616.011791
[silencedetect @ 0x600003eec180] silence_end: 5618.274807 | silence_duration: 2.263016
[silencedetect @ 0x600003eec180] silence_start: 5622.196122
[silencedetect @ 0x600003eec180] silence_end: 5624.297211 | silence_duration: 2.101088
[silencedetect @ 0x600003eec180] silence_start: 5627.056984
[silencedetect @ 0x600003eec180] silence_end: 5629.223764 | silence_duration: 2.16678
[silencedetect @ 0x600003eec180] silence_start: 5632.461519
[silencedetect @ 0x600003eec180] silence_end: 5640.611701 | silence_duration: 8.150181
[silencedetect @ 0x600003eec180] silence_start: 5641.806825
[silencedetect @ 0x600003eec180] silence_end: 5644.167755 | silence_duration: 2.36093
[silencedetect @ 0x600003eec180] silence_start: 5650.221043
[silencedetect @ 0x600003eec180] silence_end: 5652.438821 | silence_duration: 2.217778
[silencedetect @ 0x600003eec180] silence_start: 5656.114308
[silencedetect @ 0x600003eec180] silence_end: 5658.222381 | silence_duration: 2.108073
[silencedetect @ 0x600003eec180] silence_start: 5662.815601
[silencedetect @ 0x600003eec180] silence_end: 5665.029433 | silence_duration: 2.213832
[silencedetect @ 0x600003eec180] silence_start: 5667.797982
[silencedetect @ 0x600003eec180] silence_end: 5676.16542 | silence_duration: 8.367438
[silencedetect @ 0x600003eec180] silence_start: 5677.366576
[silencedetect @ 0x600003eec180] silence_end: 5679.741655 | silence_duration: 2.375079
[silencedetect @ 0x600003eec180] silence_start: 5686.304104
[silencedetect @ 0x600003eec180] silence_end: 5688.499546 | silence_duration: 2.195442
[silencedetect @ 0x600003eec180] silence_start: 5692.037959
[silencedetect @ 0x600003eec180] silence_end: 5694.079977 | silence_duration: 2.042018
[silencedetect @ 0x600003eec180] silence_start: 5697.370408
[silencedetect @ 0x600003eec180] silence_end: 5699.454172 | silence_duration: 2.083764
[silencedetect @ 0x600003eec180] silence_start: 5703.506757
[silencedetect @ 0x600003eec180] silence_end: 5711.530748 | silence_duration: 8.023991
[silencedetect @ 0x600003eec180] silence_start: 5712.72356
[silencedetect @ 0x600003eec180] silence_end: 5715.080363 | silence_duration: 2.356803
[silencedetect @ 0x600003eec180] silence_start: 5721.024354
[silencedetect @ 0x600003eec180] silence_end: 5723.1639 | silence_duration: 2.139546
[silencedetect @ 0x600003eec180] silence_start: 5726.267392
[silencedetect @ 0x600003eec180] silence_end: 5728.493265 | silence_duration: 2.225873
[silencedetect @ 0x600003eec180] silence_start: 5731.487551
[silencedetect @ 0x600003eec180] silence_end: 5733.646803 | silence_duration: 2.159252
[silencedetect @ 0x600003eec180] silence_start: 5736.73678
[silencedetect @ 0x600003eec180] silence_end: 5744.866939 | silence_duration: 8.130159
[silencedetect @ 0x600003eec180] silence_start: 5746.059796
[silencedetect @ 0x600003eec180] silence_end: 5748.42034 | silence_duration: 2.360544
[silencedetect @ 0x600003eec180] silence_start: 5754.212789
[silencedetect @ 0x600003eec180] silence_end: 5756.275329 | silence_duration: 2.06254
[silencedetect @ 0x600003eec180] silence_start: 5758.916077
[silencedetect @ 0x600003eec180] silence_end: 5761.1522 | silence_duration: 2.236122
[silencedetect @ 0x600003eec180] silence_start: 5763.475533
[silencedetect @ 0x600003eec180] silence_end: 5765.610136 | silence_duration: 2.134603
[silencedetect @ 0x600003eec180] silence_start: 5768.649637
[silencedetect @ 0x600003eec180] silence_end: 5776.804558 | silence_duration: 8.154921
[silencedetect @ 0x600003eec180] silence_start: 5777.99737
[silencedetect @ 0x600003eec180] silence_end: 5780.360159 | silence_duration: 2.362789
[silencedetect @ 0x600003eec180] silence_start: 5785.40746
[silencedetect @ 0x600003eec180] silence_end: 5787.482404 | silence_duration: 2.074943
[silencedetect @ 0x600003eec180] silence_start: 5790.280499
[silencedetect @ 0x600003eec180] silence_end: 5792.463129 | silence_duration: 2.18263
[silencedetect @ 0x600003eec180] silence_start: 5795.357642
[silencedetect @ 0x600003eec180] silence_end: 5797.462154 | silence_duration: 2.104512
[silencedetect @ 0x600003eec180] silence_start: 5800.136961
[silencedetect @ 0x600003eec180] silence_end: 5808.339252 | silence_duration: 8.20229
[silencedetect @ 0x600003eec180] silence_start: 5809.527551
[silencedetect @ 0x600003eec180] silence_end: 5811.880839 | silence_duration: 2.353288
[silencedetect @ 0x600003eec180] silence_start: 5818.882313
[silencedetect @ 0x600003eec180] silence_end: 5821.31288 | silence_duration: 2.430567
[silencedetect @ 0x600003eec180] silence_start: 5824.859705
[silencedetect @ 0x600003eec180] silence_end: 5826.949365 | silence_duration: 2.08966
[silencedetect @ 0x600003eec180] silence_start: 5829.838889
[silencedetect @ 0x600003eec180] silence_end: 5832.021769 | silence_duration: 2.18288
[silencedetect @ 0x600003eec180] silence_start: 5835.990431
[silencedetect @ 0x600003eec180] silence_end: 5844.741927 | silence_duration: 8.751497
size=N/A time=01:37:27.27 bitrate=N/A speed= 773x    [silencedetect @ 0x600003eec180] silence_start: 5845.934739
[silencedetect @ 0x600003eec180] silence_end: 5848.307052 | silence_duration: 2.372313
[silencedetect @ 0x600003eec180] silence_start: 5854.593946
[silencedetect @ 0x600003eec180] silence_end: 5856.868458 | silence_duration: 2.274512
[silencedetect @ 0x600003eec180] silence_start: 5860.326236
[silencedetect @ 0x600003eec180] silence_end: 5862.447574 | silence_duration: 2.121338
[silencedetect @ 0x600003eec180] silence_start: 5866.271156
[silencedetect @ 0x600003eec180] silence_end: 5868.55068 | silence_duration: 2.279524
[silencedetect @ 0x600003eec180] silence_start: 5872.378549
[silencedetect @ 0x600003eec180] silence_end: 5880.518549 | silence_duration: 8.14
[silencedetect @ 0x600003eec180] silence_start: 5881.713673
[silencedetect @ 0x600003eec180] silence_end: 5884.075374 | silence_duration: 2.361701
[silencedetect @ 0x600003eec180] silence_start: 5892.420499
[silencedetect @ 0x600003eec180] silence_end: 5894.602676 | silence_duration: 2.182177
[silencedetect @ 0x600003eec180] silence_start: 5897.462177
[silencedetect @ 0x600003eec180] silence_end: 5899.589206 | silence_duration: 2.127029
[silencedetect @ 0x600003eec180] silence_start: 5902.420726
[silencedetect @ 0x600003eec180] silence_end: 5904.621293 | silence_duration: 2.200567
[silencedetect @ 0x600003eec180] silence_start: 5907.799932
[silencedetect @ 0x600003eec180] silence_end: 5916.065873 | silence_duration: 8.265941
[silencedetect @ 0x600003eec180] silence_start: 5917.230703
[silencedetect @ 0x600003eec180] silence_end: 5919.617347 | silence_duration: 2.386644
[silencedetect @ 0x600003eec180] silence_start: 5926.865306
[silencedetect @ 0x600003eec180] silence_end: 5928.939161 | silence_duration: 2.073855
[silencedetect @ 0x600003eec180] silence_start: 5933.084989
[silencedetect @ 0x600003eec180] silence_end: 5935.247574 | silence_duration: 2.162585
[silencedetect @ 0x600003eec180] silence_start: 5938.831519
[silencedetect @ 0x600003eec180] silence_end: 5940.959116 | silence_duration: 2.127596
[silencedetect @ 0x600003eec180] silence_start: 5944.720068
[silencedetect @ 0x600003eec180] silence_end: 5948.2222 | silence_duration: 3.502132
[silencedetect @ 0x600003eec180] silence_start: 5949.837302
[silencedetect @ 0x600003eec180] silence_end: 5953.106236 | silence_duration: 3.268934
[silencedetect @ 0x600003eec180] silence_start: 5954.283175
[silencedetect @ 0x600003eec180] silence_end: 5956.374082 | silence_duration: 2.090907
[silencedetect @ 0x600003eec180] silence_start: 5962.011678
[silencedetect @ 0x600003eec180] silence_end: 5964.042766 | silence_duration: 2.031088
[silencedetect @ 0x600003eec180] silence_start: 5968.185306
[silencedetect @ 0x600003eec180] silence_end: 5970.245556 | silence_duration: 2.060249
[silencedetect @ 0x600003eec180] silence_start: 5973.903878
[silencedetect @ 0x600003eec180] silence_end: 5976.03263 | silence_duration: 2.128753
[silencedetect @ 0x600003eec180] silence_start: 5979.851043
[silencedetect @ 0x600003eec180] silence_end: 5987.969138 | silence_duration: 8.118095
[silencedetect @ 0x600003eec180] silence_start: 5989.158934
[silencedetect @ 0x600003eec180] silence_end: 5991.523991 | silence_duration: 2.365057
[silencedetect @ 0x600003eec180] silence_start: 5995.999932
[silencedetect @ 0x600003eec180] silence_end: 5998.098934 | silence_duration: 2.099002
[silencedetect @ 0x600003eec180] silence_start: 6000.514649
[silencedetect @ 0x600003eec180] silence_end: 6002.610249 | silence_duration: 2.095601
[silencedetect @ 0x600003eec180] silence_start: 6004.912766
[silencedetect @ 0x600003eec180] silence_end: 6007.006032 | silence_duration: 2.093265
[silencedetect @ 0x600003eec180] silence_start: 6009.315193
[silencedetect @ 0x600003eec180] silence_end: 6017.394671 | silence_duration: 8.079478
[silencedetect @ 0x600003eec180] silence_start: 6018.587506
[silencedetect @ 0x600003eec180] silence_end: 6020.955193 | silence_duration: 2.367687
[silencedetect @ 0x600003eec180] silence_start: 6026.060544
[silencedetect @ 0x600003eec180] silence_end: 6028.112585 | silence_duration: 2.052041
[silencedetect @ 0x600003eec180] silence_start: 6032.326644
[silencedetect @ 0x600003eec180] silence_end: 6034.411383 | silence_duration: 2.084739
[silencedetect @ 0x600003eec180] silence_start: 6037.795193
[silencedetect @ 0x600003eec180] silence_end: 6039.946621 | silence_duration: 2.151429
[silencedetect @ 0x600003eec180] silence_start: 6043.614921
[silencedetect @ 0x600003eec180] silence_end: 6051.764558 | silence_duration: 8.149637
[silencedetect @ 0x600003eec180] silence_start: 6052.973333
[silencedetect @ 0x600003eec180] silence_end: 6055.32059 | silence_duration: 2.347256
[silencedetect @ 0x600003eec180] silence_start: 6062.871678
[silencedetect @ 0x600003eec180] silence_end: 6064.956032 | silence_duration: 2.084354
[silencedetect @ 0x600003eec180] silence_start: 6068.469501
[silencedetect @ 0x600003eec180] silence_end: 6070.544875 | silence_duration: 2.075374
[silencedetect @ 0x600003eec180] silence_start: 6073.820658
[silencedetect @ 0x600003eec180] silence_end: 6075.890431 | silence_duration: 2.069773
[silencedetect @ 0x600003eec180] silence_start: 6079.386485
[silencedetect @ 0x600003eec180] silence_end: 6087.457415 | silence_duration: 8.07093
[silencedetect @ 0x600003eec180] silence_start: 6088.658571
[silencedetect @ 0x600003eec180] silence_end: 6091.033605 | silence_duration: 2.375034
[silencedetect @ 0x600003eec180] silence_start: 6097.132018
[silencedetect @ 0x600003eec180] silence_end: 6099.19458 | silence_duration: 2.062562
[silencedetect @ 0x600003eec180] silence_start: 6102.745465
[silencedetect @ 0x600003eec180] silence_end: 6104.783039 | silence_duration: 2.037574
[silencedetect @ 0x600003eec180] silence_start: 6108.486576
[silencedetect @ 0x600003eec180] silence_end: 6110.525714 | silence_duration: 2.039138
[silencedetect @ 0x600003eec180] silence_start: 6113.62771
[silencedetect @ 0x600003eec180] silence_end: 6121.696508 | silence_duration: 8.068798
[silencedetect @ 0x600003eec180] silence_start: 6122.891633
[silencedetect @ 0x600003eec180] silence_end: 6125.2461 | silence_duration: 2.354467
[silencedetect @ 0x600003eec180] silence_start: 6130.38542
[silencedetect @ 0x600003eec180] silence_end: 6132.429524 | silence_duration: 2.044104
[silencedetect @ 0x600003eec180] silence_start: 6135.230363
[silencedetect @ 0x600003eec180] silence_end: 6137.308005 | silence_duration: 2.077642
[silencedetect @ 0x600003eec180] silence_start: 6140.149501
[silencedetect @ 0x600003eec180] silence_end: 6142.318549 | silence_duration: 2.169048
[silencedetect @ 0x600003eec180] silence_start: 6144.965941
[silencedetect @ 0x600003eec180] silence_end: 6153.062562 | silence_duration: 8.096621
[silencedetect @ 0x600003eec180] silence_start: 6154.271361
[silencedetect @ 0x600003eec180] silence_end: 6156.616009 | silence_duration: 2.344649
[silencedetect @ 0x600003eec180] silence_start: 6162.022381
[silencedetect @ 0x600003eec180] silence_end: 6164.079342 | silence_duration: 2.056961
[silencedetect @ 0x600003eec180] silence_start: 6167.171882
[silencedetect @ 0x600003eec180] silence_end: 6169.245578 | silence_duration: 2.073696
[silencedetect @ 0x600003eec180] silence_start: 6172.308367
[silencedetect @ 0x600003eec180] silence_end: 6174.415193 | silence_duration: 2.106825
[silencedetect @ 0x600003eec180] silence_start: 6177.749819
[silencedetect @ 0x600003eec180] silence_end: 6185.855624 | silence_duration: 8.105805
[silencedetect @ 0x600003eec180] silence_start: 6187.048458
[silencedetect @ 0x600003eec180] silence_end: 6189.41127 | silence_duration: 2.362812
[silencedetect @ 0x600003eec180] silence_start: 6195.259501
[silencedetect @ 0x600003eec180] silence_end: 6197.333084 | silence_duration: 2.073583
[silencedetect @ 0x600003eec180] silence_start: 6199.918571
[silencedetect @ 0x600003eec180] silence_end: 6201.999569 | silence_duration: 2.080998
[silencedetect @ 0x600003eec180] silence_start: 6205.068503
[silencedetect @ 0x600003eec180] silence_end: 6207.169478 | silence_duration: 2.100975
[silencedetect @ 0x600003eec180] silence_start: 6210.601587
[silencedetect @ 0x600003eec180] silence_end: 6218.691723 | silence_duration: 8.090136
[silencedetect @ 0x600003eec180] silence_start: 6219.886848
[silencedetect @ 0x600003eec180] silence_end: 6222.233311 | silence_duration: 2.346463
[silencedetect @ 0x600003eec180] silence_start: 6230.505261
[silencedetect @ 0x600003eec180] silence_end: 6232.56288 | silence_duration: 2.057619
[silencedetect @ 0x600003eec180] silence_start: 6235.52424
[silencedetect @ 0x600003eec180] silence_end: 6237.608753 | silence_duration: 2.084512
[silencedetect @ 0x600003eec180] silence_start: 6240.89229
[silencedetect @ 0x600003eec180] silence_end: 6242.934603 | silence_duration: 2.042313
[silencedetect @ 0x600003eec180] silence_start: 6246.675351
size=N/A time=01:44:10.03 bitrate=N/A speed= 775x    [silencedetect @ 0x600003eec180] silence_end: 6254.768186 | silence_duration: 8.092834
[silencedetect @ 0x600003eec180] silence_start: 6255.969342
[silencedetect @ 0x600003eec180] silence_end: 6258.33415 | silence_duration: 2.364807
[silencedetect @ 0x600003eec180] silence_start: 6264.704014
[silencedetect @ 0x600003eec180] silence_end: 6266.835079 | silence_duration: 2.131066
[silencedetect @ 0x600003eec180] silence_start: 6270.277574
[silencedetect @ 0x600003eec180] silence_end: 6272.333605 | silence_duration: 2.056032
[silencedetect @ 0x600003eec180] silence_start: 6275.260816
[silencedetect @ 0x600003eec180] silence_end: 6277.325896 | silence_duration: 2.065079
[silencedetect @ 0x600003eec180] silence_start: 6279.914399
[silencedetect @ 0x600003eec180] silence_end: 6288.025011 | silence_duration: 8.110612
[silencedetect @ 0x600003eec180] silence_start: 6289.220136
[silencedetect @ 0x600003eec180] silence_end: 6291.581769 | silence_duration: 2.361633
[silencedetect @ 0x600003eec180] silence_start: 6297.990952
[silencedetect @ 0x600003eec180] silence_end: 6300.093175 | silence_duration: 2.102222
[silencedetect @ 0x600003eec180] silence_start: 6302.985805
[silencedetect @ 0x600003eec180] silence_end: 6305.024354 | silence_duration: 2.038549
[silencedetect @ 0x600003eec180] silence_start: 6308.78551
[silencedetect @ 0x600003eec180] silence_end: 6310.924966 | silence_duration: 2.139456
[silencedetect @ 0x600003eec180] silence_start: 6314.27229
[silencedetect @ 0x600003eec180] silence_end: 6322.436009 | silence_duration: 8.163719
[silencedetect @ 0x600003eec180] silence_start: 6323.637166
[silencedetect @ 0x600003eec180] silence_end: 6325.987324 | silence_duration: 2.350159
[silencedetect @ 0x600003eec180] silence_start: 6333.494558
[silencedetect @ 0x600003eec180] silence_end: 6335.567574 | silence_duration: 2.073016
[silencedetect @ 0x600003eec180] silence_start: 6339.800726
[silencedetect @ 0x600003eec180] silence_end: 6341.916032 | silence_duration: 2.115306
[silencedetect @ 0x600003eec180] silence_start: 6345.771451
[silencedetect @ 0x600003eec180] silence_end: 6347.845964 | silence_duration: 2.074512
[silencedetect @ 0x600003eec180] silence_start: 6352.279274
[silencedetect @ 0x600003eec180] silence_end: 6362.453492 | silence_duration: 10.174218
[silencedetect @ 0x600003eec180] silence_start: 6370.719456
[silencedetect @ 0x600003eec180] silence_end: 6372.821179 | silence_duration: 2.101723
[silencedetect @ 0x600003eec180] silence_start: 6376.076009
[silencedetect @ 0x600003eec180] silence_end: 6378.167914 | silence_duration: 2.091905
[silencedetect @ 0x600003eec180] silence_start: 6381.566712
[silencedetect @ 0x600003eec180] silence_end: 6383.777596 | silence_duration: 2.210884
[silencedetect @ 0x600003eec180] silence_start: 6386.509433
[silencedetect @ 0x600003eec180] silence_end: 6394.569002 | silence_duration: 8.059569
[silencedetect @ 0x600003eec180] silence_start: 6395.747438
[silencedetect @ 0x600003eec180] silence_end: 6398.123923 | silence_duration: 2.376485
[silencedetect @ 0x600003eec180] silence_start: 6404.455351
[silencedetect @ 0x600003eec180] silence_end: 6406.56068 | silence_duration: 2.105329
[silencedetect @ 0x600003eec180] silence_start: 6409.71034
[silencedetect @ 0x600003eec180] silence_end: 6411.859524 | silence_duration: 2.149184
[silencedetect @ 0x600003eec180] silence_start: 6414.390522
[silencedetect @ 0x600003eec180] silence_end: 6416.475828 | silence_duration: 2.085306
[silencedetect @ 0x600003eec180] silence_start: 6419.500998
[silencedetect @ 0x600003eec180] silence_end: 6427.577642 | silence_duration: 8.076644
[silencedetect @ 0x600003eec180] silence_start: 6428.764444
[silencedetect @ 0x600003eec180] silence_end: 6431.136122 | silence_duration: 2.371678
[silencedetect @ 0x600003eec180] silence_start: 6436.647982
[silencedetect @ 0x600003eec180] silence_end: 6438.734898 | silence_duration: 2.086916
[silencedetect @ 0x600003eec180] silence_start: 6441.76449
[silencedetect @ 0x600003eec180] silence_end: 6443.872789 | silence_duration: 2.108299
[silencedetect @ 0x600003eec180] silence_start: 6447.010907
[silencedetect @ 0x600003eec180] silence_end: 6449.201791 | silence_duration: 2.190884
[silencedetect @ 0x600003eec180] silence_start: 6451.565941
[silencedetect @ 0x600003eec180] silence_end: 6459.602698 | silence_duration: 8.036757
[silencedetect @ 0x600003eec180] silence_start: 6460.784921
[silencedetect @ 0x600003eec180] silence_end: 6463.158866 | silence_duration: 2.373946
[silencedetect @ 0x600003eec180] silence_start: 6466.2761
[silencedetect @ 0x600003eec180] silence_end: 6468.386916 | silence_duration: 2.110816
[silencedetect @ 0x600003eec180] silence_start: 6471.436848
[silencedetect @ 0x600003eec180] silence_end: 6473.514603 | silence_duration: 2.077755
[silencedetect @ 0x600003eec180] silence_start: 6476.845215
[silencedetect @ 0x600003eec180] silence_end: 6478.912812 | silence_duration: 2.067596
[silencedetect @ 0x600003eec180] silence_start: 6481.862971
[silencedetect @ 0x600003eec180] silence_end: 6489.897392 | silence_duration: 8.034422
[silencedetect @ 0x600003eec180] silence_start: 6491.090227
[silencedetect @ 0x600003eec180] silence_end: 6493.473628 | silence_duration: 2.383401
[silencedetect @ 0x600003eec180] silence_start: 6499.073243
[silencedetect @ 0x600003eec180] silence_end: 6501.139796 | silence_duration: 2.066553
[silencedetect @ 0x600003eec180] silence_start: 6504.587619
[silencedetect @ 0x600003eec180] silence_end: 6506.631905 | silence_duration: 2.044286
[silencedetect @ 0x600003eec180] silence_start: 6509.443991
[silencedetect @ 0x600003eec180] silence_end: 6511.529796 | silence_duration: 2.085805
[silencedetect @ 0x600003eec180] silence_start: 6514.479637
[silencedetect @ 0x600003eec180] silence_end: 6522.521497 | silence_duration: 8.041859
[silencedetect @ 0x600003eec180] silence_start: 6523.708277
[silencedetect @ 0x600003eec180] silence_end: 6526.071134 | silence_duration: 2.362857
[silencedetect @ 0x600003eec180] silence_start: 6530.735941
[silencedetect @ 0x600003eec180] silence_end: 6532.789093 | silence_duration: 2.053152
[silencedetect @ 0x600003eec180] silence_start: 6535.872585
[silencedetect @ 0x600003eec180] silence_end: 6538.064694 | silence_duration: 2.192109
[silencedetect @ 0x600003eec180] silence_start: 6541.623243
[silencedetect @ 0x600003eec180] silence_end: 6543.724014 | silence_duration: 2.100771
[silencedetect @ 0x600003eec180] silence_start: 6547.10424
[silencedetect @ 0x600003eec180] silence_end: 6555.184195 | silence_duration: 8.079955
[silencedetect @ 0x600003eec180] silence_start: 6556.366417
[silencedetect @ 0x600003eec180] silence_end: 6558.737596 | silence_duration: 2.371179
[silencedetect @ 0x600003eec180] silence_start: 6565.884649
[silencedetect @ 0x600003eec180] silence_end: 6568.02644 | silence_duration: 2.141791
[silencedetect @ 0x600003eec180] silence_start: 6571.478231
[silencedetect @ 0x600003eec180] silence_end: 6573.547664 | silence_duration: 2.069433
[silencedetect @ 0x600003eec180] silence_start: 6577.071905
[silencedetect @ 0x600003eec180] silence_end: 6579.183787 | silence_duration: 2.111882
[silencedetect @ 0x600003eec180] silence_start: 6583.15576
[silencedetect @ 0x600003eec180] silence_end: 6591.250658 | silence_duration: 8.094898
[silencedetect @ 0x600003eec180] silence_start: 6592.432902
[silencedetect @ 0x600003eec180] silence_end: 6594.806281 | silence_duration: 2.373379
[silencedetect @ 0x600003eec180] silence_start: 6600.895125
[silencedetect @ 0x600003eec180] silence_end: 6602.960227 | silence_duration: 2.065102
[silencedetect @ 0x600003eec180] silence_start: 6606.527324
[silencedetect @ 0x600003eec180] silence_end: 6608.658821 | silence_duration: 2.131497
[silencedetect @ 0x600003eec180] silence_start: 6612.069342
[silencedetect @ 0x600003eec180] silence_end: 6614.179592 | silence_duration: 2.110249
[silencedetect @ 0x600003eec180] silence_start: 6617.260884
[silencedetect @ 0x600003eec180] silence_end: 6625.291882 | silence_duration: 8.030998
[silencedetect @ 0x600003eec180] silence_start: 6626.487007
[silencedetect @ 0x600003eec180] silence_end: 6628.833492 | silence_duration: 2.346485
[silencedetect @ 0x600003eec180] silence_start: 6635.306213
[silencedetect @ 0x600003eec180] silence_end: 6637.384104 | silence_duration: 2.077891
[silencedetect @ 0x600003eec180] silence_start: 6640.15263
[silencedetect @ 0x600003eec180] silence_end: 6642.251429 | silence_duration: 2.098798
[silencedetect @ 0x600003eec180] silence_start: 6645.175782
[silencedetect @ 0x600003eec180] silence_end: 6647.312834 | silence_duration: 2.137052
[silencedetect @ 0x600003eec180] silence_start: 6650.601587
[silencedetect @ 0x600003eec180] silence_end: 6658.683537 | silence_duration: 8.08195
[silencedetect @ 0x600003eec180] silence_start: 6659.876395
[silencedetect @ 0x600003eec180] silence_end: 6662.248662 | silence_duration: 2.372268
[silencedetect @ 0x600003eec180] silence_start: 6667.500998
[silencedetect @ 0x600003eec180] silence_end: 6669.570454 | silence_duration: 2.069456
[silencedetect @ 0x600003eec180] silence_start: 6673.735374
[silencedetect @ 0x600003eec180] silence_end: 6675.824762 | silence_duration: 2.089388
[silencedetect @ 0x600003eec180] silence_start: 6679.313946
[silencedetect @ 0x600003eec180] silence_end: 6681.411315 | silence_duration: 2.09737
size=N/A time=01:51:21.81 bitrate=N/A speed= 779x    [silencedetect @ 0x600003eec180] silence_start: 6685.0039
[silencedetect @ 0x600003eec180] silence_end: 6693.131111 | silence_duration: 8.127211
[silencedetect @ 0x600003eec180] silence_start: 6694.313356
[silencedetect @ 0x600003eec180] silence_end: 6696.687914 | silence_duration: 2.374558
[silencedetect @ 0x600003eec180] silence_start: 6704.109864
[silencedetect @ 0x600003eec180] silence_end: 6706.279478 | silence_duration: 2.169615
[silencedetect @ 0x600003eec180] silence_start: 6709.586281
[silencedetect @ 0x600003eec180] silence_end: 6711.696077 | silence_duration: 2.109796
[silencedetect @ 0x600003eec180] silence_start: 6715.194966
[silencedetect @ 0x600003eec180] silence_end: 6717.313016 | silence_duration: 2.11805
[silencedetect @ 0x600003eec180] silence_start: 6720.372109
[silencedetect @ 0x600003eec180] silence_end: 6728.408844 | silence_duration: 8.036735
[silencedetect @ 0x600003eec180] silence_start: 6733.288889
[silencedetect @ 0x600003eec180] silence_end: 6735.355329 | silence_duration: 2.06644
[silencedetect @ 0x600003eec180] silence_start: 6738.294649
[silencedetect @ 0x600003eec180] silence_end: 6740.388776 | silence_duration: 2.094127
[silencedetect @ 0x600003eec180] silence_start: 6742.910136
[silencedetect @ 0x600003eec180] silence_end: 6744.991202 | silence_duration: 2.081066
[silencedetect @ 0x600003eec180] silence_start: 6747.840023
[silencedetect @ 0x600003eec180] silence_end: 6755.893651 | silence_duration: 8.053628
[silencedetect @ 0x600003eec180] silence_start: 6757.05542
[silencedetect @ 0x600003eec180] silence_end: 6759.448639 | silence_duration: 2.39322
[silencedetect @ 0x600003eec180] silence_start: 6764.872381
[silencedetect @ 0x600003eec180] silence_end: 6766.905624 | silence_duration: 2.033243
[silencedetect @ 0x600003eec180] silence_start: 6769.834535
[silencedetect @ 0x600003eec180] silence_end: 6771.891995 | silence_duration: 2.05746
[silencedetect @ 0x600003eec180] silence_start: 6774.331315
[silencedetect @ 0x600003eec180] silence_end: 6776.424989 | silence_duration: 2.093673
[silencedetect @ 0x600003eec180] silence_start: 6778.583129
[silencedetect @ 0x600003eec180] silence_end: 6786.577846 | silence_duration: 7.994717
[silencedetect @ 0x600003eec180] silence_start: 6787.738095
[silencedetect @ 0x600003eec180] silence_end: 6790.139342 | silence_duration: 2.401247
[silencedetect @ 0x600003eec180] silence_start: 6795.932585
[silencedetect @ 0x600003eec180] silence_end: 6798.072426 | silence_duration: 2.139841
[silencedetect @ 0x600003eec180] silence_start: 6801.121655
[silencedetect @ 0x600003eec180] silence_end: 6803.201995 | silence_duration: 2.08034
[silencedetect @ 0x600003eec180] silence_start: 6805.426939
[silencedetect @ 0x600003eec180] silence_end: 6807.505465 | silence_duration: 2.078526
[silencedetect @ 0x600003eec180] silence_start: 6810.369909
[silencedetect @ 0x600003eec180] silence_end: 6818.373515 | silence_duration: 8.003605
[silencedetect @ 0x600003eec180] silence_start: 6819.533764
[silencedetect @ 0x600003eec180] silence_end: 6821.929705 | silence_duration: 2.395941
[silencedetect @ 0x600003eec180] silence_start: 6826.103447
[silencedetect @ 0x600003eec180] silence_end: 6828.17195 | silence_duration: 2.068503
[silencedetect @ 0x600003eec180] silence_start: 6830.911179
[silencedetect @ 0x600003eec180] silence_end: 6833.045465 | silence_duration: 2.134286
[silencedetect @ 0x600003eec180] silence_start: 6835.573515
[silencedetect @ 0x600003eec180] silence_end: 6837.711542 | silence_duration: 2.138027
[silencedetect @ 0x600003eec180] silence_start: 6840.507188
[silencedetect @ 0x600003eec180] silence_end: 6848.486054 | silence_duration: 7.978866
[silencedetect @ 0x600003eec180] silence_start: 6849.646304
[silencedetect @ 0x600003eec180] silence_end: 6852.062313 | silence_duration: 2.416009
[silencedetect @ 0x600003eec180] silence_start: 6858.918277
[silencedetect @ 0x600003eec180] silence_end: 6861.00576 | silence_duration: 2.087483
[silencedetect @ 0x600003eec180] silence_start: 6863.404807
[silencedetect @ 0x600003eec180] silence_end: 6865.469819 | silence_duration: 2.065011
[silencedetect @ 0x600003eec180] silence_start: 6868.168005
[silencedetect @ 0x600003eec180] silence_end: 6870.25322 | silence_duration: 2.085215
[silencedetect @ 0x600003eec180] silence_start: 6873.184535
[silencedetect @ 0x600003eec180] silence_end: 6881.268685 | silence_duration: 8.08415
[silencedetect @ 0x600003eec180] silence_start: 6882.43576
[silencedetect @ 0x600003eec180] silence_end: 6884.81839 | silence_duration: 2.38263
[silencedetect @ 0x600003eec180] silence_start: 6890.622245
[silencedetect @ 0x600003eec180] silence_end: 6892.738571 | silence_duration: 2.116327
[silencedetect @ 0x600003eec180] silence_start: 6895.810408
[silencedetect @ 0x600003eec180] silence_end: 6897.91483 | silence_duration: 2.104422
[silencedetect @ 0x600003eec180] silence_start: 6901.452721
[silencedetect @ 0x600003eec180] silence_end: 6903.606304 | silence_duration: 2.153583
[silencedetect @ 0x600003eec180] silence_start: 6906.882857
[silencedetect @ 0x600003eec180] silence_end: 6914.953741 | silence_duration: 8.070884
[silencedetect @ 0x600003eec180] silence_start: 6916.117029
[silencedetect @ 0x600003eec180] silence_end: 6918.507166 | silence_duration: 2.390136
[silencedetect @ 0x600003eec180] silence_start: 6924.487415
[silencedetect @ 0x600003eec180] silence_end: 6926.620975 | silence_duration: 2.13356
[silencedetect @ 0x600003eec180] silence_start: 6929.498186
[silencedetect @ 0x600003eec180] silence_end: 6931.549161 | silence_duration: 2.050975
[silencedetect @ 0x600003eec180] silence_start: 6934.293379
[silencedetect @ 0x600003eec180] silence_end: 6936.335941 | silence_duration: 2.042562
[silencedetect @ 0x600003eec180] silence_start: 6939.611111
[silencedetect @ 0x600003eec180] silence_end: 6947.572018 | silence_duration: 7.960907
[silencedetect @ 0x600003eec180] silence_start: 6948.732268
[silencedetect @ 0x600003eec180] silence_end: 6951.127619 | silence_duration: 2.395351
[silencedetect @ 0x600003eec180] silence_start: 6956.75517
[silencedetect @ 0x600003eec180] silence_end: 6958.820113 | silence_duration: 2.064943
[silencedetect @ 0x600003eec180] silence_start: 6962.033356
[silencedetect @ 0x600003eec180] silence_end: 6964.07941 | silence_duration: 2.046054
[silencedetect @ 0x600003eec180] silence_start: 6966.913197
[silencedetect @ 0x600003eec180] silence_end: 6968.958753 | silence_duration: 2.045556
[silencedetect @ 0x600003eec180] silence_start: 6971.898141
[silencedetect @ 0x600003eec180] silence_end: 6979.909229 | silence_duration: 8.011088
[silencedetect @ 0x600003eec180] silence_start: 6981.072517
[silencedetect @ 0x600003eec180] silence_end: 6983.450839 | silence_duration: 2.378322
[silencedetect @ 0x600003eec180] silence_start: 6988.368776
[silencedetect @ 0x600003eec180] silence_end: 6990.509365 | silence_duration: 2.14059
[silencedetect @ 0x600003eec180] silence_start: 6993.343061
[silencedetect @ 0x600003eec180] silence_end: 6995.455782 | silence_duration: 2.112721
[silencedetect @ 0x600003eec180] silence_start: 6998.207324
[silencedetect @ 0x600003eec180] silence_end: 7000.356644 | silence_duration: 2.14932
[silencedetect @ 0x600003eec180] silence_start: 7003.73415
[silencedetect @ 0x600003eec180] silence_end: 7011.863197 | silence_duration: 8.129048
[silencedetect @ 0x600003eec180] silence_start: 7013.024989
[silencedetect @ 0x600003eec180] silence_end: 7015.428345 | silence_duration: 2.403356
[silencedetect @ 0x600003eec180] silence_start: 7022.352313
[silencedetect @ 0x600003eec180] silence_end: 7024.691746 | silence_duration: 2.339433
[silencedetect @ 0x600003eec180] silence_start: 7028.654331
[silencedetect @ 0x600003eec180] silence_end: 7030.753175 | silence_duration: 2.098844
[silencedetect @ 0x600003eec180] silence_start: 7034.457007
[silencedetect @ 0x600003eec180] silence_end: 7036.562744 | silence_duration: 2.105737
[silencedetect @ 0x600003eec180] silence_start: 7040.183084
[silencedetect @ 0x600003eec180] silence_end: 7048.204512 | silence_duration: 8.021429
[silencedetect @ 0x600003eec180] silence_start: 7049.367823
[silencedetect @ 0x600003eec180] silence_end: 7051.761451 | silence_duration: 2.393628
[silencedetect @ 0x600003eec180] silence_start: 7058.572585
[silencedetect @ 0x600003eec180] silence_end: 7061.002132 | silence_duration: 2.429546
[silencedetect @ 0x600003eec180] silence_start: 7064.359025
[silencedetect @ 0x600003eec180] silence_end: 7066.434694 | silence_duration: 2.075669
[silencedetect @ 0x600003eec180] silence_start: 7069.580771
[silencedetect @ 0x600003eec180] silence_end: 7072.016304 | silence_duration: 2.435533
[silencedetect @ 0x600003eec180] silence_start: 7075.233991
[silencedetect @ 0x600003eec180] silence_end: 7083.246644 | silence_duration: 8.012653
[silencedetect @ 0x600003eec180] silence_start: 7083.714218
[silencedetect @ 0x600003eec180] silence_end: 7086.084331 | silence_duration: 2.370113
[silencedetect @ 0x600003eec180] silence_start: 7091.807392
[silencedetect @ 0x600003eec180] silence_end: 7093.914422 | silence_duration: 2.107029
[silencedetect @ 0x600003eec180] silence_start: 7096.503946
[silencedetect @ 0x600003eec180] silence_end: 7098.587755 | silence_duration: 2.08381
[silencedetect @ 0x600003eec180] silence_start: 7101.808435
[silencedetect @ 0x600003eec180] silence_end: 7103.875397 | silence_duration: 2.066961
[silencedetect @ 0x600003eec180] silence_start: 7108.151655
[silencedetect @ 0x600003eec180] silence_end: 7116.108141 | silence_duration: 7.956485
[silencedetect @ 0x600003eec180] silence_start: 7117.492744
[silencedetect @ 0x600003eec180] silence_end: 7119.87229 | silence_duration: 2.379546
[silencedetect @ 0x600003eec180] silence_start: 7128.199637
[silencedetect @ 0x600003eec180] silence_end: 7130.362698 | silence_duration: 2.163061
[silencedetect @ 0x600003eec180] silence_start: 7133.638866
[silencedetect @ 0x600003eec180] silence_end: 7135.766213 | silence_duration: 2.127347
[silencedetect @ 0x600003eec180] silence_start: 7138.864943
[silencedetect @ 0x600003eec180] silence_end: 7140.919388 | silence_duration: 2.054444
[silencedetect @ 0x600003eec180] silence_start: 7144.327732
[silencedetect @ 0x600003eec180] silence_end: 7152.28771 | silence_duration: 7.959977
[silencedetect @ 0x600003eec180] silence_start: 7153.675102
[silencedetect @ 0x600003eec180] silence_end: 7156.060567 | silence_duration: 2.385465
[silencedetect @ 0x600003eec180] silence_start: 7161.253923
[silencedetect @ 0x600003eec180] silence_end: 7163.376304 | silence_duration: 2.122381
[silencedetect @ 0x600003eec180] silence_start: 7166.394218
[silencedetect @ 0x600003eec180] silence_end: 7168.535624 | silence_duration: 2.141406
[silencedetect @ 0x600003eec180] silence_start: 7171.975215
[silencedetect @ 0x600003eec180] silence_end: 7174.098118 | silence_duration: 2.122902
[silencedetect @ 0x600003eec180] silence_start: 7178.104943
[silencedetect @ 0x600003eec180] silence_end: 7186.064059 | silence_duration: 7.959116
[silencedetect @ 0x600003eec180] silence_start: 7187.437574
[silencedetect @ 0x600003eec180] silence_end: 7189.822857 | silence_duration: 2.385283
[silencedetect @ 0x600003eec180] silence_start: 7195.825714
[silencedetect @ 0x600003eec180] silence_end: 7197.949728 | silence_duration: 2.124014
size=N/A time=01:59:59.58 bitrate=N/A speed= 793x    [silencedetect @ 0x600003eec180] silence_start: 7200.618912
[silencedetect @ 0x600003eec180] silence_end: 7202.754354 | silence_duration: 2.135442
[silencedetect @ 0x600003eec180] silence_start: 7205.957959
[silencedetect @ 0x600003eec180] silence_end: 7208.08542 | silence_duration: 2.12746
[silencedetect @ 0x600003eec180] silence_start: 7211.863787
[silencedetect @ 0x600003eec180] silence_end: 7219.866485 | silence_duration: 8.002698
[silencedetect @ 0x600003eec180] silence_start: 7221.252426
[silencedetect @ 0x600003eec180] silence_end: 7223.648005 | silence_duration: 2.395578
[silencedetect @ 0x600003eec180] silence_start: 7227.805261
[silencedetect @ 0x600003eec180] silence_end: 7229.88737 | silence_duration: 2.082109
[silencedetect @ 0x600003eec180] silence_start: 7232.846621
[silencedetect @ 0x600003eec180] silence_end: 7234.904626 | silence_duration: 2.058005
[silencedetect @ 0x600003eec180] silence_start: 7237.906236
[silencedetect @ 0x600003eec180] silence_end: 7239.989093 | silence_duration: 2.082857
[silencedetect @ 0x600003eec180] silence_start: 7242.691156
[silencedetect @ 0x600003eec180] silence_end: 7250.665011 | silence_duration: 7.973855
[silencedetect @ 0x600003eec180] silence_start: 7252.048912
[silencedetect @ 0x600003eec180] silence_end: 7254.423175 | silence_duration: 2.374263
[silencedetect @ 0x600003eec180] silence_start: 7259.432222
[silencedetect @ 0x600003eec180] silence_end: 7261.497324 | silence_duration: 2.065102
[silencedetect @ 0x600003eec180] silence_start: 7265.128549
[silencedetect @ 0x600003eec180] silence_end: 7267.241156 | silence_duration: 2.112608
[silencedetect @ 0x600003eec180] silence_start: 7270.097415
[silencedetect @ 0x600003eec180] silence_end: 7272.157823 | silence_duration: 2.060408
[silencedetect @ 0x600003eec180] silence_start: 7275.201134
[silencedetect @ 0x600003eec180] silence_end: 7283.161202 | silence_duration: 7.960068
[silencedetect @ 0x600003eec180] silence_start: 7284.536259
[silencedetect @ 0x600003eec180] silence_end: 7286.918821 | silence_duration: 2.382562
[silencedetect @ 0x600003eec180] silence_start: 7292.176168
[silencedetect @ 0x600003eec180] silence_end: 7294.279592 | silence_duration: 2.103424
[silencedetect @ 0x600003eec180] silence_start: 7298.67102
[silencedetect @ 0x600003eec180] silence_end: 7300.755828 | silence_duration: 2.084807
[silencedetect @ 0x600003eec180] silence_start: 7304.435488
[silencedetect @ 0x600003eec180] silence_end: 7306.532086 | silence_duration: 2.096599
[silencedetect @ 0x600003eec180] silence_start: 7309.908027
[silencedetect @ 0x600003eec180] silence_end: 7317.877846 | silence_duration: 7.969819
[silencedetect @ 0x600003eec180] silence_start: 7319.247234
[silencedetect @ 0x600003eec180] silence_end: 7321.639546 | silence_duration: 2.392313
[silencedetect @ 0x600003eec180] silence_start: 7329.917302
[silencedetect @ 0x600003eec180] silence_end: 7332.016871 | silence_duration: 2.099569
[silencedetect @ 0x600003eec180] silence_start: 7335.1578
[silencedetect @ 0x600003eec180] silence_end: 7337.202993 | silence_duration: 2.045193
[silencedetect @ 0x600003eec180] silence_start: 7340.084739
[silencedetect @ 0x600003eec180] silence_end: 7342.152336 | silence_duration: 2.067596
[silencedetect @ 0x600003eec180] silence_start: 7345.396009
[silencedetect @ 0x600003eec180] silence_end: 7353.32619 | silence_duration: 7.930181
[silencedetect @ 0x600003eec180] silence_start: 7354.701746
[silencedetect @ 0x600003eec180] silence_end: 7357.072494 | silence_duration: 2.370748
[silencedetect @ 0x600003eec180] silence_start: 7366.032063
[silencedetect @ 0x600003eec180] silence_end: 7368.122812 | silence_duration: 2.090748
[silencedetect @ 0x600003eec180] silence_start: 7372.130794
[silencedetect @ 0x600003eec180] silence_end: 7374.271134 | silence_duration: 2.14034
[silencedetect @ 0x600003eec180] silence_start: 7377.962268
[silencedetect @ 0x600003eec180] silence_end: 7380.096531 | silence_duration: 2.134263
[silencedetect @ 0x600003eec180] silence_start: 7383.907891
[silencedetect @ 0x600003eec180] silence_end: 7391.882971 | silence_duration: 7.975079
[silencedetect @ 0x600003eec180] silence_start: 7393.270023
[silencedetect @ 0x600003eec180] silence_end: 7395.654422 | silence_duration: 2.384399
[silencedetect @ 0x600003eec180] silence_start: 7403.957528
[silencedetect @ 0x600003eec180] silence_end: 7406.030952 | silence_duration: 2.073424
[silencedetect @ 0x600003eec180] silence_start: 7408.958685
[silencedetect @ 0x600003eec180] silence_end: 7411.0622 | silence_duration: 2.103515
[silencedetect @ 0x600003eec180] silence_start: 7413.763673
[silencedetect @ 0x600003eec180] silence_end: 7415.834512 | silence_duration: 2.070839
[silencedetect @ 0x600003eec180] silence_start: 7419.68839
[silencedetect @ 0x600003eec180] silence_end: 7427.670726 | silence_duration: 7.982336
[silencedetect @ 0x600003eec180] silence_start: 7429.058005
[silencedetect @ 0x600003eec180] silence_end: 7431.430363 | silence_duration: 2.372358
[silencedetect @ 0x600003eec180] silence_start: 7438.890476
[silencedetect @ 0x600003eec180] silence_end: 7441.051043 | silence_duration: 2.160567
[silencedetect @ 0x600003eec180] silence_start: 7444.519002
[silencedetect @ 0x600003eec180] silence_end: 7446.59322 | silence_duration: 2.074218
[silencedetect @ 0x600003eec180] silence_start: 7449.954263
[silencedetect @ 0x600003eec180] silence_end: 7452.033152 | silence_duration: 2.078889
[silencedetect @ 0x600003eec180] silence_start: 7455.815011
[silencedetect @ 0x600003eec180] silence_end: 7463.771814 | silence_duration: 7.956803
[silencedetect @ 0x600003eec180] silence_start: 7467.079456
[silencedetect @ 0x600003eec180] silence_end: 7469.209773 | silence_duration: 2.130317
[silencedetect @ 0x600003eec180] silence_start: 7474.490363
[silencedetect @ 0x600003eec180] silence_end: 7476.623991 | silence_duration: 2.133628
[silencedetect @ 0x600003eec180] silence_start: 7479.373061
[silencedetect @ 0x600003eec180] silence_end: 7481.441088 | silence_duration: 2.068027
[silencedetect @ 0x600003eec180] silence_start: 7484.38941
[silencedetect @ 0x600003eec180] silence_end: 7486.461633 | silence_duration: 2.072222
[silencedetect @ 0x600003eec180] silence_start: 7489.714966
[silencedetect @ 0x600003eec180] silence_end: 7497.984286 | silence_duration: 8.26932
[silencedetect @ 0x600003eec180] silence_start: 7499.399184
[silencedetect @ 0x600003eec180] silence_end: 7501.532381 | silence_duration: 2.133197
[silencedetect @ 0x600003eec180] silence_start: 7506.467687
[silencedetect @ 0x600003eec180] silence_end: 7508.568345 | silence_duration: 2.100658
[silencedetect @ 0x600003eec180] silence_start: 7511.451202
[silencedetect @ 0x600003eec180] silence_end: 7513.550544 | silence_duration: 2.099342
[silencedetect @ 0x600003eec180] silence_start: 7516.207256
[silencedetect @ 0x600003eec180] silence_end: 7518.276984 | silence_duration: 2.069728
[silencedetect @ 0x600003eec180] silence_start: 7521.251542
[silencedetect @ 0x600003eec180] silence_end: 7529.459909 | silence_duration: 8.208367
[silencedetect @ 0x600003eec180] silence_start: 7530.890726
[silencedetect @ 0x600003eec180] silence_end: 7533.006803 | silence_duration: 2.116077
[silencedetect @ 0x600003eec180] silence_start: 7537.775261
[silencedetect @ 0x600003eec180] silence_end: 7539.842698 | silence_duration: 2.067438
[silencedetect @ 0x600003eec180] silence_start: 7543.139456
[silencedetect @ 0x600003eec180] silence_end: 7545.231859 | silence_duration: 2.092404
[silencedetect @ 0x600003eec180] silence_start: 7548.886213
[silencedetect @ 0x600003eec180] silence_end: 7550.957052 | silence_duration: 2.070839
[silencedetect @ 0x600003eec180] silence_start: 7553.867052
[silencedetect @ 0x600003eec180] silence_end: 7562.096803 | silence_duration: 8.229751
[silencedetect @ 0x600003eec180] silence_start: 7563.511701
[silencedetect @ 0x600003eec180] silence_end: 7565.652177 | silence_duration: 2.140476
[silencedetect @ 0x600003eec180] silence_start: 7570.723628
[silencedetect @ 0x600003eec180] silence_end: 7572.795057 | silence_duration: 2.071429
[silencedetect @ 0x600003eec180] silence_start: 7575.515828
[silencedetect @ 0x600003eec180] silence_end: 7577.60619 | silence_duration: 2.090363
[silencedetect @ 0x600003eec180] silence_start: 7580.109206
[silencedetect @ 0x600003eec180] silence_end: 7582.231088 | silence_duration: 2.121882
[silencedetect @ 0x600003eec180] silence_start: 7585.651383
[silencedetect @ 0x600003eec180] silence_end: 7593.941791 | silence_duration: 8.290408
[silencedetect @ 0x600003eec180] silence_start: 7595.356667
[silencedetect @ 0x600003eec180] silence_end: 7597.509819 | silence_duration: 2.153152
[silencedetect @ 0x600003eec180] silence_start: 7603.53771
[silencedetect @ 0x600003eec180] silence_end: 7605.734785 | silence_duration: 2.197075
[silencedetect @ 0x600003eec180] silence_start: 7608.6222
[silencedetect @ 0x600003eec180] silence_end: 7610.706553 | silence_duration: 2.084354
[silencedetect @ 0x600003eec180] silence_start: 7613.980249
[silencedetect @ 0x600003eec180] silence_end: 7616.043832 | silence_duration: 2.063583
[silencedetect @ 0x600003eec180] silence_start: 7618.890023
[silencedetect @ 0x600003eec180] silence_end: 7627.143107 | silence_duration: 8.253084
[silencedetect @ 0x600003eec180] silence_start: 7628.558005
[silencedetect @ 0x600003eec180] silence_end: 7630.692426 | silence_duration: 2.134422
[silencedetect @ 0x600003eec180] silence_start: 7636.322585
[silencedetect @ 0x600003eec180] silence_end: 7638.376735 | silence_duration: 2.05415
[silencedetect @ 0x600003eec180] silence_start: 7640.885306
[silencedetect @ 0x600003eec180] silence_end: 7642.91415 | silence_duration: 2.028844
[silencedetect @ 0x600003eec180] silence_start: 7645.787642
[silencedetect @ 0x600003eec180] silence_end: 7647.820794 | silence_duration: 2.033152
[silencedetect @ 0x600003eec180] silence_start: 7650.776417
[silencedetect @ 0x600003eec180] silence_end: 7658.976417 | silence_duration: 8.2
[silencedetect @ 0x600003eec180] silence_start: 7660.407188
[silencedetect @ 0x600003eec180] silence_end: 7662.529546 | silence_duration: 2.122358
[silencedetect @ 0x600003eec180] silence_start: 7668.982971
[silencedetect @ 0x600003eec180] silence_end: 7671.038435 | silence_duration: 2.055465
[silencedetect @ 0x600003eec180] silence_start: 7674.900975
[silencedetect @ 0x600003eec180] silence_end: 7676.946032 | silence_duration: 2.045057
[silencedetect @ 0x600003eec180] silence_start: 7680.561338
[silencedetect @ 0x600003eec180] silence_end: 7682.605692 | silence_duration: 2.044354
[silencedetect @ 0x600003eec180] silence_start: 7686.458254
size=N/A time=02:08:14.44 bitrate=N/A speed= 803x    [silencedetect @ 0x600003eec180] silence_end: 7694.707846 | silence_duration: 8.249592
[silencedetect @ 0x600003eec180] silence_start: 7696.122766
[silencedetect @ 0x600003eec180] silence_end: 7698.256712 | silence_duration: 2.133946
[silencedetect @ 0x600003eec180] silence_start: 7703.883197
[silencedetect @ 0x600003eec180] silence_end: 7705.948821 | silence_duration: 2.065624
[silencedetect @ 0x600003eec180] silence_start: 7709.57932
[silencedetect @ 0x600003eec180] silence_end: 7711.650907 | silence_duration: 2.071587
[silencedetect @ 0x600003eec180] silence_start: 7714.829184
[silencedetect @ 0x600003eec180] silence_end: 7716.895079 | silence_duration: 2.065896
[silencedetect @ 0x600003eec180] silence_start: 7720.572562
[silencedetect @ 0x600003eec180] silence_end: 7728.821905 | silence_duration: 8.249342
[silencedetect @ 0x600003eec180] silence_start: 7730.23678
[silencedetect @ 0x600003eec180] silence_end: 7732.363515 | silence_duration: 2.126735
[silencedetect @ 0x600003eec180] silence_start: 7738.846644
[silencedetect @ 0x600003eec180] silence_end: 7741.016712 | silence_duration: 2.170068
[silencedetect @ 0x600003eec180] silence_start: 7744.810567
[silencedetect @ 0x600003eec180] silence_end: 7746.901202 | silence_duration: 2.090635
[silencedetect @ 0x600003eec180] silence_start: 7749.191723
[silencedetect @ 0x600003eec180] silence_end: 7751.24551 | silence_duration: 2.053787
[silencedetect @ 0x600003eec180] silence_start: 7754.088209
[silencedetect @ 0x600003eec180] silence_end: 7762.300181 | silence_duration: 8.211973
[silencedetect @ 0x600003eec180] silence_start: 7763.715828
[silencedetect @ 0x600003eec180] silence_end: 7765.857868 | silence_duration: 2.142041
[silencedetect @ 0x600003eec180] silence_start: 7771.333311
[silencedetect @ 0x600003eec180] silence_end: 7773.454739 | silence_duration: 2.121429
[silencedetect @ 0x600003eec180] silence_start: 7776.59093
[silencedetect @ 0x600003eec180] silence_end: 7778.673175 | silence_duration: 2.082245
[silencedetect @ 0x600003eec180] silence_start: 7781.774717
[silencedetect @ 0x600003eec180] silence_end: 7783.8561 | silence_duration: 2.081383
[silencedetect @ 0x600003eec180] silence_start: 7786.958571
[silencedetect @ 0x600003eec180] silence_end: 7795.223787 | silence_duration: 8.265215
[silencedetect @ 0x600003eec180] silence_start: 7796.638685
[silencedetect @ 0x600003eec180] silence_end: 7798.780091 | silence_duration: 2.141406
[silencedetect @ 0x600003eec180] silence_start: 7803.99059
[silencedetect @ 0x600003eec180] silence_end: 7806.044739 | silence_duration: 2.05415
[silencedetect @ 0x600003eec180] silence_start: 7809.282472
[silencedetect @ 0x600003eec180] silence_end: 7811.356145 | silence_duration: 2.073673
[silencedetect @ 0x600003eec180] silence_start: 7814.966531
[silencedetect @ 0x600003eec180] silence_end: 7817.026349 | silence_duration: 2.059819
[silencedetect @ 0x600003eec180] silence_start: 7820.233424
[silencedetect @ 0x600003eec180] silence_end: 7830.710431 | silence_duration: 10.477007
[silencedetect @ 0x600003eec180] silence_start: 7832.764921
[silencedetect @ 0x600003eec180] silence_end: 7835.308821 | silence_duration: 2.5439
[silencedetect @ 0x600003eec180] silence_start: 7840.939909
[silencedetect @ 0x600003eec180] silence_end: 7842.997007 | silence_duration: 2.057098
[silencedetect @ 0x600003eec180] silence_start: 7845.935397
[silencedetect @ 0x600003eec180] silence_end: 7848.009751 | silence_duration: 2.074354
[silencedetect @ 0x600003eec180] silence_start: 7850.930091
[silencedetect @ 0x600003eec180] silence_end: 7853.000975 | silence_duration: 2.070884
[silencedetect @ 0x600003eec180] silence_start: 7855.750952
[silencedetect @ 0x600003eec180] silence_end: 7863.76576 | silence_duration: 8.014807
[silencedetect @ 0x600003eec180] silence_start: 7865.113197
[silencedetect @ 0x600003eec180] silence_end: 7867.314172 | silence_duration: 2.200975
[silencedetect @ 0x600003eec180] silence_start: 7874.279184
[silencedetect @ 0x600003eec180] silence_end: 7876.322698 | silence_duration: 2.043515
[silencedetect @ 0x600003eec180] silence_start: 7878.876531
[silencedetect @ 0x600003eec180] silence_end: 7880.919433 | silence_duration: 2.042902
[silencedetect @ 0x600003eec180] silence_start: 7883.732766
[silencedetect @ 0x600003eec180] silence_end: 7885.765261 | silence_duration: 2.032494
[silencedetect @ 0x600003eec180] silence_start: 7888.792358
[silencedetect @ 0x600003eec180] silence_end: 7896.835374 | silence_duration: 8.043016
[silencedetect @ 0x600003eec180] silence_start: 7898.206281
[silencedetect @ 0x600003eec180] silence_end: 7900.388571 | silence_duration: 2.18229
[silencedetect @ 0x600003eec180] silence_start: 7907.348571
[silencedetect @ 0x600003eec180] silence_end: 7909.524036 | silence_duration: 2.175465
[silencedetect @ 0x600003eec180] silence_start: 7912.392404
[silencedetect @ 0x600003eec180] silence_end: 7914.452313 | silence_duration: 2.059909
[silencedetect @ 0x600003eec180] silence_start: 7917.919773
[silencedetect @ 0x600003eec180] silence_end: 7920.083424 | silence_duration: 2.163651
[silencedetect @ 0x600003eec180] silence_start: 7923.91873
[silencedetect @ 0x600003eec180] silence_end: 7931.994195 | silence_duration: 8.075465
[silencedetect @ 0x600003eec180] silence_start: 7933.347687
[silencedetect @ 0x600003eec180] silence_end: 7935.549705 | silence_duration: 2.202018
[silencedetect @ 0x600003eec180] silence_start: 7941.069819
[silencedetect @ 0x600003eec180] silence_end: 7943.141769 | silence_duration: 2.07195
[silencedetect @ 0x600003eec180] silence_start: 7946.405238
[silencedetect @ 0x600003eec180] silence_end: 7948.488776 | silence_duration: 2.083537
[silencedetect @ 0x600003eec180] silence_start: 7951.119796
[silencedetect @ 0x600003eec180] silence_end: 7953.196871 | silence_duration: 2.077075
[silencedetect @ 0x600003eec180] silence_start: 7955.407029
[silencedetect @ 0x600003eec180] silence_end: 7963.444014 | silence_duration: 8.036984
[silencedetect @ 0x600003eec180] silence_start: 7964.816463
[silencedetect @ 0x600003eec180] silence_end: 7967.012177 | silence_duration: 2.195714
[silencedetect @ 0x600003eec180] silence_start: 7972.181927
[silencedetect @ 0x600003eec180] silence_end: 7974.240816 | silence_duration: 2.058889
[silencedetect @ 0x600003eec180] silence_start: 7977.106259
[silencedetect @ 0x600003eec180] silence_end: 7979.154989 | silence_duration: 2.04873
[silencedetect @ 0x600003eec180] silence_start: 7981.910816
[silencedetect @ 0x600003eec180] silence_end: 7983.983311 | silence_duration: 2.072494
[silencedetect @ 0x600003eec180] silence_start: 7986.995964
[silencedetect @ 0x600003eec180] silence_end: 7995.040748 | silence_duration: 8.044785
[silencedetect @ 0x600003eec180] silence_start: 7996.411655
[silencedetect @ 0x600003eec180] silence_end: 7998.590136 | silence_duration: 2.178481
[silencedetect @ 0x600003eec180] silence_start: 8006.273039
[silencedetect @ 0x600003eec180] silence_end: 8008.311224 | silence_duration: 2.038186
[silencedetect @ 0x600003eec180] silence_start: 8011.768254
[silencedetect @ 0x600003eec180] silence_end: 8013.837596 | silence_duration: 2.069342
[silencedetect @ 0x600003eec180] silence_start: 8016.729365
[silencedetect @ 0x600003eec180] silence_end: 8018.786939 | silence_duration: 2.057574
[silencedetect @ 0x600003eec180] silence_start: 8021.950091
[silencedetect @ 0x600003eec180] silence_end: 8030.041678 | silence_duration: 8.091587
[silencedetect @ 0x600003eec180] silence_start: 8031.402744
[silencedetect @ 0x600003eec180] silence_end: 8033.594898 | silence_duration: 2.192154
[silencedetect @ 0x600003eec180] silence_start: 8040.223832
[silencedetect @ 0x600003eec180] silence_end: 8042.368526 | silence_duration: 2.144694
size=N/A time=02:14:04.30 bitrate=N/A speed= 797x    [silencedetect @ 0x600003eec180] silence_start: 8046.69483
[silencedetect @ 0x600003eec180] silence_end: 8048.783537 | silence_duration: 2.088707
[silencedetect @ 0x600003eec180] silence_start: 8051.983129
[silencedetect @ 0x600003eec180] silence_end: 8054.040975 | silence_duration: 2.057846
[silencedetect @ 0x600003eec180] silence_start: 8058.108526
[silencedetect @ 0x600003eec180] silence_end: 8066.201066 | silence_duration: 8.09254
[silencedetect @ 0x600003eec180] silence_start: 8067.565918
[silencedetect @ 0x600003eec180] silence_end: 8069.754376 | silence_duration: 2.188458
[silencedetect @ 0x600003eec180] silence_start: 8075.979048
[silencedetect @ 0x600003eec180] silence_end: 8078.019977 | silence_duration: 2.04093
[silencedetect @ 0x600003eec180] silence_start: 8080.897234
[silencedetect @ 0x600003eec180] silence_end: 8082.986327 | silence_duration: 2.089093
[silencedetect @ 0x600003eec180] silence_start: 8085.99263
[silencedetect @ 0x600003eec180] silence_end: 8088.100295 | silence_duration: 2.107664
[silencedetect @ 0x600003eec180] silence_start: 8091.613832
[silencedetect @ 0x600003eec180] silence_end: 8099.675442 | silence_duration: 8.06161
[silencedetect @ 0x600003eec180] silence_start: 8101.046372
[silencedetect @ 0x600003eec180] silence_end: 8103.217052 | silence_duration: 2.17068
[silencedetect @ 0x600003eec180] silence_start: 8109.713197
[silencedetect @ 0x600003eec180] silence_end: 8111.842018 | silence_duration: 2.128821
[silencedetect @ 0x600003eec180] silence_start: 8115.459206
[silencedetect @ 0x600003eec180] silence_end: 8117.528957 | silence_duration: 2.069751
[silencedetect @ 0x600003eec180] silence_start: 8120.363537
[silencedetect @ 0x600003eec180] silence_end: 8122.449887 | silence_duration: 2.086349
[silencedetect @ 0x600003eec180] silence_start: 8125.677778
[silencedetect @ 0x600003eec180] silence_end: 8133.754376 | silence_duration: 8.076599
[silencedetect @ 0x600003eec180] silence_start: 8135.104059
[silencedetect @ 0x600003eec180] silence_end: 8137.311565 | silence_duration: 2.207506
[silencedetect @ 0x600003eec180] silence_start: 8143.639955
[silencedetect @ 0x600003eec180] silence_end: 8145.776372 | silence_duration: 2.136417
[silencedetect @ 0x600003eec180] silence_start: 8149.088549
[silencedetect @ 0x600003eec180] silence_end: 8151.171519 | silence_duration: 2.082971
[silencedetect @ 0x600003eec180] silence_start: 8153.959161
[silencedetect @ 0x600003eec180] silence_end: 8156.115737 | silence_duration: 2.156576
[silencedetect @ 0x600003eec180] silence_start: 8159.853243
[silencedetect @ 0x600003eec180] silence_end: 8167.953265 | silence_duration: 8.100023
[silencedetect @ 0x600003eec180] silence_start: 8169.318118
[silencedetect @ 0x600003eec180] silence_end: 8171.509683 | silence_duration: 2.191565
[silencedetect @ 0x600003eec180] silence_start: 8179.747483
[silencedetect @ 0x600003eec180] silence_end: 8181.812766 | silence_duration: 2.065283
[silencedetect @ 0x600003eec180] silence_start: 8184.685737
[silencedetect @ 0x600003eec180] silence_end: 8186.744376 | silence_duration: 2.058639
[silencedetect @ 0x600003eec180] silence_start: 8189.839116
[silencedetect @ 0x600003eec180] silence_end: 8191.939955 | silence_duration: 2.100839
[silencedetect @ 0x600003eec180] silence_start: 8195.250884
[silencedetect @ 0x600003eec180] silence_end: 8205.568617 | silence_duration: 10.317732
[silencedetect @ 0x600003eec180] silence_start: 8207.886122
[silencedetect @ 0x600003eec180] silence_end: 8210.689501 | silence_duration: 2.803379
[silencedetect @ 0x600003eec180] silence_start: 8212.082381
[silencedetect @ 0x600003eec180] silence_end: 8214.234717 | silence_duration: 2.152336
[silencedetect @ 0x600003eec180] silence_start: 8221.147937
[silencedetect @ 0x600003eec180] silence_end: 8224.239252 | silence_duration: 3.091315
[silencedetect @ 0x600003eec180] silence_start: 8228.060385
[silencedetect @ 0x600003eec180] silence_end: 8230.193515 | silence_duration: 2.133129
[silencedetect @ 0x600003eec180] silence_start: 8232.659819
[silencedetect @ 0x600003eec180] silence_end: 8234.753175 | silence_duration: 2.093356
[silencedetect @ 0x600003eec180] silence_start: 8237.731497
[silencedetect @ 0x600003eec180] silence_end: 8242.806349 | silence_duration: 5.074853
[silencedetect @ 0x600003eec180] silence_start: 8244.187143
[silencedetect @ 0x600003eec180] silence_end: 8246.354694 | silence_duration: 2.167551
[silencedetect @ 0x600003eec180] silence_start: 8249.92907
[silencedetect @ 0x600003eec180] silence_end: 8252.033175 | silence_duration: 2.104104
[silencedetect @ 0x600003eec180] silence_start: 8255.252404
[silencedetect @ 0x600003eec180] silence_end: 8257.363288 | silence_duration: 2.110884
[silencedetect @ 0x600003eec180] silence_start: 8260.383537
[silencedetect @ 0x600003eec180] silence_end: 8262.446417 | silence_duration: 2.06288
[silencedetect @ 0x600003eec180] silence_start: 8265.167007
[silencedetect @ 0x600003eec180] silence_end: 8273.27966 | silence_duration: 8.112653
[silencedetect @ 0x600003eec180] silence_start: 8274.672585
[silencedetect @ 0x600003eec180] silence_end: 8276.832857 | silence_duration: 2.160272
[silencedetect @ 0x600003eec180] silence_start: 8280.421519
[silencedetect @ 0x600003eec180] silence_end: 8283.480317 | silence_duration: 3.058798
[silencedetect @ 0x600003eec180] silence_start: 8286.099093
[silencedetect @ 0x600003eec180] silence_end: 8288.189501 | silence_duration: 2.090408
[silencedetect @ 0x600003eec180] silence_start: 8290.638934
[silencedetect @ 0x600003eec180] silence_end: 8292.727438 | silence_duration: 2.088503
[silencedetect @ 0x600003eec180] silence_start: 8295.805918
[silencedetect @ 0x600003eec180] silence_end: 8300.882744 | silence_duration: 5.076825
[silencedetect @ 0x600003eec180] silence_start: 8302.275646
[silencedetect @ 0x600003eec180] silence_end: 8304.438231 | silence_duration: 2.162585
[silencedetect @ 0x600003eec180] silence_start: 8308.849751
[silencedetect @ 0x600003eec180] silence_end: 8311.899773 | silence_duration: 3.050023
[silencedetect @ 0x600003eec180] silence_start: 8315.518776
[silencedetect @ 0x600003eec180] silence_end: 8317.610567 | silence_duration: 2.091791
[silencedetect @ 0x600003eec180] silence_start: 8320.79254
[silencedetect @ 0x600003eec180] silence_end: 8322.865465 | silence_duration: 2.072925
[silencedetect @ 0x600003eec180] silence_start: 8326.224354
[silencedetect @ 0x600003eec180] silence_end: 8331.29068 | silence_duration: 5.066327
[silencedetect @ 0x600003eec180] silence_start: 8332.683583
[silencedetect @ 0x600003eec180] silence_end: 8334.858753 | silence_duration: 2.17517
[silencedetect @ 0x600003eec180] silence_start: 8343.164263
[silencedetect @ 0x600003eec180] silence_end: 8345.227914 | silence_duration: 2.063651
[silencedetect @ 0x600003eec180] silence_start: 8348.601202
[silencedetect @ 0x600003eec180] silence_end: 8350.679184 | silence_duration: 2.077982
[silencedetect @ 0x600003eec180] silence_start: 8354.052063
[silencedetect @ 0x600003eec180] silence_end: 8356.126417 | silence_duration: 2.074354
[silencedetect @ 0x600003eec180] silence_start: 8359.108209
[silencedetect @ 0x600003eec180] silence_end: 8367.208254 | silence_duration: 8.100045
[silencedetect @ 0x600003eec180] silence_start: 8368.58678
[silencedetect @ 0x600003eec180] silence_end: 8370.757619 | silence_duration: 2.170839
[silencedetect @ 0x600003eec180] silence_start: 8378.273061
[silencedetect @ 0x600003eec180] silence_end: 8380.332608 | silence_duration: 2.059546
[silencedetect @ 0x600003eec180] silence_start: 8383.761678
[silencedetect @ 0x600003eec180] silence_end: 8385.787574 | silence_duration: 2.025896
[silencedetect @ 0x600003eec180] silence_start: 8389.323991
[silencedetect @ 0x600003eec180] silence_end: 8391.336372 | silence_duration: 2.012381
[silencedetect @ 0x600003eec180] silence_start: 8395.338277
[silencedetect @ 0x600003eec180] silence_end: 8403.411474 | silence_duration: 8.073197
[silencedetect @ 0x600003eec180] silence_start: 8404.788458
[silencedetect @ 0x600003eec180] silence_end: 8406.964626 | silence_duration: 2.176168
[silencedetect @ 0x600003eec180] silence_start: 8413.986372
[silencedetect @ 0x600003eec180] silence_end: 8416.016576 | silence_duration: 2.030204
[silencedetect @ 0x600003eec180] silence_start: 8419.515261
[silencedetect @ 0x600003eec180] silence_end: 8421.566893 | silence_duration: 2.051633
[silencedetect @ 0x600003eec180] silence_start: 8425.018209
[silencedetect @ 0x600003eec180] silence_end: 8427.058662 | silence_duration: 2.040454
[silencedetect @ 0x600003eec180] silence_start: 8430.497982
[silencedetect @ 0x600003eec180] silence_end: 8438.570385 | silence_duration: 8.072404
[silencedetect @ 0x600003eec180] silence_start: 8439.963311
[silencedetect @ 0x600003eec180] silence_end: 8442.119297 | silence_duration: 2.155986
[silencedetect @ 0x600003eec180] silence_start: 8448.725079
[silencedetect @ 0x600003eec180] silence_end: 8450.788571 | silence_duration: 2.063492
size=N/A time=02:20:52.18 bitrate=N/A speed= 798x    [silencedetect @ 0x600003eec180] silence_start: 8453.568435
[silencedetect @ 0x600003eec180] silence_end: 8455.599365 | silence_duration: 2.03093
[silencedetect @ 0x600003eec180] silence_start: 8458.440136
[silencedetect @ 0x600003eec180] silence_end: 8460.456803 | silence_duration: 2.016667
[silencedetect @ 0x600003eec180] silence_start: 8463.882676
[silencedetect @ 0x600003eec180] silence_end: 8471.962472 | silence_duration: 8.079796
[silencedetect @ 0x600003eec180] silence_start: 8473.355351
[silencedetect @ 0x600003eec180] silence_end: 8475.504059 | silence_duration: 2.148707
[silencedetect @ 0x600003eec180] silence_start: 8480.114785
[silencedetect @ 0x600003eec180] silence_end: 8483.201565 | silence_duration: 3.08678
[silencedetect @ 0x600003eec180] silence_start: 8486.565578
[silencedetect @ 0x600003eec180] silence_end: 8488.66161 | silence_duration: 2.096032
[silencedetect @ 0x600003eec180] silence_start: 8492.025125
[silencedetect @ 0x600003eec180] silence_end: 8494.092494 | silence_duration: 2.06737
[silencedetect @ 0x600003eec180] silence_start: 8497.345556
[silencedetect @ 0x600003eec180] silence_end: 8502.448503 | silence_duration: 5.102948
[silencedetect @ 0x600003eec180] silence_start: 8503.841406
[silencedetect @ 0x600003eec180] silence_end: 8506.005488 | silence_duration: 2.164082
[silencedetect @ 0x600003eec180] silence_start: 8510.153356
[silencedetect @ 0x600003eec180] silence_end: 8513.19288 | silence_duration: 3.039524
[silencedetect @ 0x600003eec180] silence_start: 8516.755896
[silencedetect @ 0x600003eec180] silence_end: 8518.852744 | silence_duration: 2.096848
[silencedetect @ 0x600003eec180] silence_start: 8522.344989
[silencedetect @ 0x600003eec180] silence_end: 8524.449297 | silence_duration: 2.104308
[silencedetect @ 0x600003eec180] silence_start: 8527.428821
[silencedetect @ 0x600003eec180] silence_end: 8532.528005 | silence_duration: 5.099184
[silencedetect @ 0x600003eec180] silence_start: 8533.920907
[silencedetect @ 0x600003eec180] silence_end: 8536.084354 | silence_duration: 2.163447
[silencedetect @ 0x600003eec180] silence_start: 8544.292381
[silencedetect @ 0x600003eec180] silence_end: 8546.34415 | silence_duration: 2.051769
[silencedetect @ 0x600003eec180] silence_start: 8549.529274
[silencedetect @ 0x600003eec180] silence_end: 8551.597143 | silence_duration: 2.067868
[silencedetect @ 0x600003eec180] silence_start: 8554.740771
[silencedetect @ 0x600003eec180] silence_end: 8556.789093 | silence_duration: 2.048322
[silencedetect @ 0x600003eec180] silence_start: 8560.321429
[silencedetect @ 0x600003eec180] silence_end: 8568.284603 | silence_duration: 7.963175
[silencedetect @ 0x600003eec180] silence_start: 8568.97619
[silencedetect @ 0x600003eec180] silence_end: 8572.112676 | silence_duration: 3.136485
[silencedetect @ 0x600003eec180] silence_start: 8573.42068
[silencedetect @ 0x600003eec180] silence_end: 8575.657982 | silence_duration: 2.237302
[silencedetect @ 0x600003eec180] silence_start: 8580.123583
[silencedetect @ 0x600003eec180] silence_end: 8583.163855 | silence_duration: 3.040272
[silencedetect @ 0x600003eec180] silence_start: 8585.936803
[silencedetect @ 0x600003eec180] silence_end: 8588.130771 | silence_duration: 2.193968
[silencedetect @ 0x600003eec180] silence_start: 8591.134875
[silencedetect @ 0x600003eec180] silence_end: 8593.233515 | silence_duration: 2.098639
[silencedetect @ 0x600003eec180] silence_start: 8595.97644
[silencedetect @ 0x600003eec180] silence_end: 8601.205896 | silence_duration: 5.229456
[silencedetect @ 0x600003eec180] silence_start: 8602.505578
[silencedetect @ 0x600003eec180] silence_end: 8604.754694 | silence_duration: 2.249116
[silencedetect @ 0x600003eec180] silence_start: 8610.873469
[silencedetect @ 0x600003eec180] silence_end: 8612.959955 | silence_duration: 2.086485
[silencedetect @ 0x600003eec180] silence_start: 8615.737642
[silencedetect @ 0x600003eec180] silence_end: 8617.819841 | silence_duration: 2.0822
[silencedetect @ 0x600003eec180] silence_start: 8621.269342
[silencedetect @ 0x600003eec180] silence_end: 8623.351474 | silence_duration: 2.082132
[silencedetect @ 0x600003eec180] silence_start: 8626.181088
[silencedetect @ 0x600003eec180] silence_end: 8634.415079 | silence_duration: 8.233991
[silencedetect @ 0x600003eec180] silence_start: 8635.727664
[silencedetect @ 0x600003eec180] silence_end: 8637.970023 | silence_duration: 2.242358
[silencedetect @ 0x600003eec180] silence_start: 8646.123878
[silencedetect @ 0x600003eec180] silence_end: 8648.292971 | silence_duration: 2.169093
[silencedetect @ 0x600003eec180] silence_start: 8651.890726
[silencedetect @ 0x600003eec180] silence_end: 8653.936531 | silence_duration: 2.045805
[silencedetect @ 0x600003eec180] silence_start: 8656.695397
[silencedetect @ 0x600003eec180] silence_end: 8658.778299 | silence_duration: 2.082902
[silencedetect @ 0x600003eec180] silence_start: 8661.901338
[silencedetect @ 0x600003eec180] silence_end: 8670.166848 | silence_duration: 8.26551
[silencedetect @ 0x600003eec180] silence_start: 8671.46805
[silencedetect @ 0x600003eec180] silence_end: 8673.722585 | silence_duration: 2.254535
[silencedetect @ 0x600003eec180] silence_start: 8680.582902
[silencedetect @ 0x600003eec180] silence_end: 8682.658254 | silence_duration: 2.075351
[silencedetect @ 0x600003eec180] silence_start: 8685.982948
[silencedetect @ 0x600003eec180] silence_end: 8688.080612 | silence_duration: 2.097664
[silencedetect @ 0x600003eec180] silence_start: 8691.191837
[silencedetect @ 0x600003eec180] silence_end: 8693.292494 | silence_duration: 2.100658
[silencedetect @ 0x600003eec180] silence_start: 8696.552585
[silencedetect @ 0x600003eec180] silence_end: 8704.834104 | silence_duration: 8.281519
[silencedetect @ 0x600003eec180] silence_start: 8706.138367
[silencedetect @ 0x600003eec180] silence_end: 8708.402517 | silence_duration: 2.26415
[silencedetect @ 0x600003eec180] silence_start: 8714.35458
[silencedetect @ 0x600003eec180] silence_end: 8716.446417 | silence_duration: 2.091837
[silencedetect @ 0x600003eec180] silence_start: 8719.688549
[silencedetect @ 0x600003eec180] silence_end: 8721.719229 | silence_duration: 2.03068
[silencedetect @ 0x600003eec180] silence_start: 8725.062812
[silencedetect @ 0x600003eec180] silence_end: 8727.112313 | silence_duration: 2.049501
[silencedetect @ 0x600003eec180] silence_start: 8731.224671
[silencedetect @ 0x600003eec180] silence_end: 8739.458957 | silence_duration: 8.234286
[silencedetect @ 0x600003eec180] silence_start: 8740.758662
[silencedetect @ 0x600003eec180] silence_end: 8743.008367 | silence_duration: 2.249705
[silencedetect @ 0x600003eec180] silence_start: 8749.906735
[silencedetect @ 0x600003eec180] silence_end: 8751.982358 | silence_duration: 2.075624
[silencedetect @ 0x600003eec180] silence_start: 8755.639615
[silencedetect @ 0x600003eec180] silence_end: 8757.691746 | silence_duration: 2.052132
[silencedetect @ 0x600003eec180] silence_start: 8761.526168
[silencedetect @ 0x600003eec180] silence_end: 8763.62941 | silence_duration: 2.103243
[silencedetect @ 0x600003eec180] silence_start: 8766.937528
[silencedetect @ 0x600003eec180] silence_end: 8775.311678 | silence_duration: 8.37415
[silencedetect @ 0x600003eec180] silence_start: 8776.611383
[silencedetect @ 0x600003eec180] silence_end: 8778.864989 | silence_duration: 2.253605
[silencedetect @ 0x600003eec180] silence_start: 8786.473084
[silencedetect @ 0x600003eec180] silence_end: 8788.519909 | silence_duration: 2.046825
[silencedetect @ 0x600003eec180] silence_start: 8792.197415
[silencedetect @ 0x600003eec180] silence_end: 8794.31576 | silence_duration: 2.118345
[silencedetect @ 0x600003eec180] silence_start: 8797.708345
[silencedetect @ 0x600003eec180] silence_end: 8799.778617 | silence_duration: 2.070272
[silencedetect @ 0x600003eec180] silence_start: 8802.850227
[silencedetect @ 0x600003eec180] silence_end: 8811.14288 | silence_duration: 8.292653
[silencedetect @ 0x600003eec180] silence_start: 8812.442562
[silencedetect @ 0x600003eec180] silence_end: 8814.696168 | silence_duration: 2.253605
[silencedetect @ 0x600003eec180] silence_start: 8820.117755
[silencedetect @ 0x600003eec180] silence_end: 8822.214875 | silence_duration: 2.09712
size=N/A time=02:27:05.62 bitrate=N/A speed= 796x    [silencedetect @ 0x600003eec180] silence_start: 8825.329728
[silencedetect @ 0x600003eec180] silence_end: 8827.422132 | silence_duration: 2.092404
[silencedetect @ 0x600003eec180] silence_start: 8830.486531
[silencedetect @ 0x600003eec180] silence_end: 8832.52839 | silence_duration: 2.041859
[silencedetect @ 0x600003eec180] silence_start: 8835.935624
[silencedetect @ 0x600003eec180] silence_end: 8844.175397 | silence_duration: 8.239773
[silencedetect @ 0x600003eec180] silence_start: 8845.475102
[silencedetect @ 0x600003eec180] silence_end: 8847.716984 | silence_duration: 2.241882
[silencedetect @ 0x600003eec180] silence_start: 8855.393968
[silencedetect @ 0x600003eec180] silence_end: 8857.451043 | silence_duration: 2.057075
[silencedetect @ 0x600003eec180] silence_start: 8860.309002
[silencedetect @ 0x600003eec180] silence_end: 8862.393787 | silence_duration: 2.084785
[silencedetect @ 0x600003eec180] silence_start: 8865.61712
[silencedetect @ 0x600003eec180] silence_end: 8867.75127 | silence_duration: 2.13415
[silencedetect @ 0x600003eec180] silence_start: 8870.692472
[silencedetect @ 0x600003eec180] silence_end: 8878.893333 | silence_duration: 8.200862
[silencedetect @ 0x600003eec180] silence_start: 8880.18771
[silencedetect @ 0x600003eec180] silence_end: 8882.455011 | silence_duration: 2.267302
[silencedetect @ 0x600003eec180] silence_start: 8887.046281
[silencedetect @ 0x600003eec180] silence_end: 8889.192608 | silence_duration: 2.146327
[silencedetect @ 0x600003eec180] silence_start: 8892.626054
[silencedetect @ 0x600003eec180] silence_end: 8894.646213 | silence_duration: 2.020159
[silencedetect @ 0x600003eec180] silence_start: 8897.769093
[silencedetect @ 0x600003eec180] silence_end: 8899.80839 | silence_duration: 2.039297
[silencedetect @ 0x600003eec180] silence_start: 8903.006463
[silencedetect @ 0x600003eec180] silence_end: 8911.285306 | silence_duration: 8.278844
[silencedetect @ 0x600003eec180] silence_start: 8912.593311
[silencedetect @ 0x600003eec180] silence_end: 8914.841837 | silence_duration: 2.248526
[silencedetect @ 0x600003eec180] silence_start: 8921.911837
[silencedetect @ 0x600003eec180] silence_end: 8925.062449 | silence_duration: 3.150612
[silencedetect @ 0x600003eec180] silence_start: 8928.933878
[silencedetect @ 0x600003eec180] silence_end: 8930.975079 | silence_duration: 2.041202
[silencedetect @ 0x600003eec180] silence_start: 8935.412268
[silencedetect @ 0x600003eec180] silence_end: 8937.536122 | silence_duration: 2.123855
[silencedetect @ 0x600003eec180] silence_start: 8940.9522
[silencedetect @ 0x600003eec180] silence_end: 8946.440884 | silence_duration: 5.488685
[silencedetect @ 0x600003eec180] silence_start: 8950.51093
[silencedetect @ 0x600003eec180] silence_end: 8952.679138 | silence_duration: 2.168209
[silencedetect @ 0x600003eec180] silence_start: 8958.585669
[silencedetect @ 0x600003eec180] silence_end: 8960.635941 | silence_duration: 2.050272
[silencedetect @ 0x600003eec180] silence_start: 8963.603946
[silencedetect @ 0x600003eec180] silence_end: 8965.651633 | silence_duration: 2.047687
[silencedetect @ 0x600003eec180] silence_start: 8968.678821
[silencedetect @ 0x600003eec180] silence_end: 8970.722494 | silence_duration: 2.043673
[silencedetect @ 0x600003eec180] silence_start: 8974.159819
[silencedetect @ 0x600003eec180] silence_end: 8982.375488 | silence_duration: 8.215669
[silencedetect @ 0x600003eec180] silence_start: 8983.746395
[silencedetect @ 0x600003eec180] silence_end: 8985.923628 | silence_duration: 2.177234
[silencedetect @ 0x600003eec180] silence_start: 8993.728912
[silencedetect @ 0x600003eec180] silence_end: 8995.844739 | silence_duration: 2.115828
[silencedetect @ 0x600003eec180] silence_start: 8999.624875
[silencedetect @ 0x600003eec180] silence_end: 9001.739206 | silence_duration: 2.114331
[silencedetect @ 0x600003eec180] silence_start: 9005.555011
[silencedetect @ 0x600003eec180] silence_end: 9007.616122 | silence_duration: 2.061111
[silencedetect @ 0x600003eec180] silence_start: 9011.002086
[silencedetect @ 0x600003eec180] silence_end: 9019.253288 | silence_duration: 8.251202
[silencedetect @ 0x600003eec180] silence_start: 9020.618141
[silencedetect @ 0x600003eec180] silence_end: 9022.806508 | silence_duration: 2.188367
[silencedetect @ 0x600003eec180] silence_start: 9027.108027
[silencedetect @ 0x600003eec180] silence_end: 9029.123424 | silence_duration: 2.015397
[silencedetect @ 0x600003eec180] silence_start: 9032.695737
[silencedetect @ 0x600003eec180] silence_end: 9034.707619 | silence_duration: 2.011882
[silencedetect @ 0x600003eec180] silence_start: 9038.34263
[silencedetect @ 0x600003eec180] silence_end: 9040.361315 | silence_duration: 2.018685
[silencedetect @ 0x600003eec180] silence_start: 9044.248367
[silencedetect @ 0x600003eec180] silence_end: 9052.455669 | silence_duration: 8.207302
[silencedetect @ 0x600003eec180] silence_start: 9053.820522
[silencedetect @ 0x600003eec180] silence_end: 9056.011247 | silence_duration: 2.190726
[silencedetect @ 0x600003eec180] silence_start: 9060.971973
[silencedetect @ 0x600003eec180] silence_end: 9062.998503 | silence_duration: 2.026531
[silencedetect @ 0x600003eec180] silence_start: 9066.162902
[silencedetect @ 0x600003eec180] silence_end: 9068.213719 | silence_duration: 2.050816
[silencedetect @ 0x600003eec180] silence_start: 9072.13517
[silencedetect @ 0x600003eec180] silence_end: 9074.149478 | silence_duration: 2.014308
[silencedetect @ 0x600003eec180] silence_start: 9077.657098
[silencedetect @ 0x600003eec180] silence_end: 9085.852041 | silence_duration: 8.194943
[silencedetect @ 0x600003eec180] silence_start: 9087.225964
[silencedetect @ 0x600003eec180] silence_end: 9089.420159 | silence_duration: 2.194195
[silencedetect @ 0x600003eec180] silence_start: 9094.157211
[silencedetect @ 0x600003eec180] silence_end: 9096.195782 | silence_duration: 2.038571
[silencedetect @ 0x600003eec180] silence_start: 9099.084444
[silencedetect @ 0x600003eec180] silence_end: 9101.154286 | silence_duration: 2.069841
[silencedetect @ 0x600003eec180] silence_start: 9103.574444
[silencedetect @ 0x600003eec180] silence_end: 9105.615193 | silence_duration: 2.040748
[silencedetect @ 0x600003eec180] silence_start: 9108.877868
[silencedetect @ 0x600003eec180] silence_end: 9117.088617 | silence_duration: 8.210748
[silencedetect @ 0x600003eec180] silence_start: 9118.453492
[silencedetect @ 0x600003eec180] silence_end: 9120.637982 | silence_duration: 2.18449
[silencedetect @ 0x600003eec180] silence_start: 9125.847619
[silencedetect @ 0x600003eec180] silence_end: 9127.887052 | silence_duration: 2.039433
[silencedetect @ 0x600003eec180] silence_start: 9130.565714
[silencedetect @ 0x600003eec180] silence_end: 9132.627075 | silence_duration: 2.061361
[silencedetect @ 0x600003eec180] silence_start: 9135.299819
[silencedetect @ 0x600003eec180] silence_end: 9137.342608 | silence_duration: 2.042789
[silencedetect @ 0x600003eec180] silence_start: 9140.816508
[silencedetect @ 0x600003eec180] silence_end: 9149.050862 | silence_duration: 8.234354
[silencedetect @ 0x600003eec180] silence_start: 9150.421791
[silencedetect @ 0x600003eec180] silence_end: 9152.604036 | silence_duration: 2.182245
[silencedetect @ 0x600003eec180] silence_start: 9157.155601
[silencedetect @ 0x600003eec180] silence_end: 9159.224218 | silence_duration: 2.068617
[silencedetect @ 0x600003eec180] silence_start: 9161.880113
[silencedetect @ 0x600003eec180] silence_end: 9163.927098 | silence_duration: 2.046984
[silencedetect @ 0x600003eec180] silence_start: 9166.836689
[silencedetect @ 0x600003eec180] silence_end: 9168.875601 | silence_duration: 2.038912
[silencedetect @ 0x600003eec180] silence_start: 9171.946893
[silencedetect @ 0x600003eec180] silence_end: 9180.172721 | silence_duration: 8.225828
[silencedetect @ 0x600003eec180] silence_start: 9181.537574
[silencedetect @ 0x600003eec180] silence_end: 9183.726009 | silence_duration: 2.188435
[silencedetect @ 0x600003eec180] silence_start: 9189.994558
[silencedetect @ 0x600003eec180] silence_end: 9192.012222 | silence_duration: 2.017664
[silencedetect @ 0x600003eec180] silence_start: 9196.523878
[silencedetect @ 0x600003eec180] silence_end: 9198.541678 | silence_duration: 2.0178
[silencedetect @ 0x600003eec180] silence_start: 9202.041927
[silencedetect @ 0x600003eec180] silence_end: 9204.058753 | silence_duration: 2.016825
[silencedetect @ 0x600003eec180] silence_start: 9207.455828
[silencedetect @ 0x600003eec180] silence_end: 9215.660272 | silence_duration: 8.204444
[silencedetect @ 0x600003eec180] silence_start: 9217.021338
[silencedetect @ 0x600003eec180] silence_end: 9219.201905 | silence_duration: 2.180567
[silencedetect @ 0x600003eec180] silence_start: 9228.863628
[silencedetect @ 0x600003eec180] silence_end: 9230.925488 | silence_duration: 2.061859
[silencedetect @ 0x600003eec180] silence_start: 9234.464444
[silencedetect @ 0x600003eec180] silence_end: 9236.511746 | silence_duration: 2.047302
[silencedetect @ 0x600003eec180] silence_start: 9240.204649
[silencedetect @ 0x600003eec180] silence_end: 9242.235624 | silence_duration: 2.030975
[silencedetect @ 0x600003eec180] silence_start: 9245.898639
[silencedetect @ 0x600003eec180] silence_end: 9254.092154 | silence_duration: 8.193515
[silencedetect @ 0x600003eec180] silence_start: 9255.463107
[silencedetect @ 0x600003eec180] silence_end: 9257.649342 | silence_duration: 2.186236
size=N/A time=02:34:19.12 bitrate=N/A speed= 798x    [silencedetect @ 0x600003eec180] silence_start: 9262.851565
[silencedetect @ 0x600003eec180] silence_end: 9264.869773 | silence_duration: 2.018209
[silencedetect @ 0x600003eec180] silence_start: 9268.833537
[silencedetect @ 0x600003eec180] silence_end: 9270.850975 | silence_duration: 2.017438
[silencedetect @ 0x600003eec180] silence_start: 9274.165147
[silencedetect @ 0x600003eec180] silence_end: 9276.200227 | silence_duration: 2.035079
[silencedetect @ 0x600003eec180] silence_start: 9279.570635
[silencedetect @ 0x600003eec180] silence_end: 9287.729365 | silence_duration: 8.15873
[silencedetect @ 0x600003eec180] silence_start: 9289.100295
[silencedetect @ 0x600003eec180] silence_end: 9291.28576 | silence_duration: 2.185465
[silencedetect @ 0x600003eec180] silence_start: 9296.182154
[silencedetect @ 0x600003eec180] silence_end: 9298.202834 | silence_duration: 2.02068
[silencedetect @ 0x600003eec180] silence_start: 9301.615283
[silencedetect @ 0x600003eec180] silence_end: 9303.646825 | silence_duration: 2.031542
[silencedetect @ 0x600003eec180] silence_start: 9307.046939
[silencedetect @ 0x600003eec180] silence_end: 9309.06678 | silence_duration: 2.019841
[silencedetect @ 0x600003eec180] silence_start: 9312.330635
[silencedetect @ 0x600003eec180] silence_end: 9320.602834 | silence_duration: 8.2722
[silencedetect @ 0x600003eec180] silence_start: 9322.493515
[silencedetect @ 0x600003eec180] silence_end: 9324.761791 | silence_duration: 2.268277
[silencedetect @ 0x600003eec180] silence_start: 9326.176871
[silencedetect @ 0x600003eec180] silence_end: 9328.306893 | silence_duration: 2.130023
[silencedetect @ 0x600003eec180] silence_start: 9334.903946
[silencedetect @ 0x600003eec180] silence_end: 9336.941995 | silence_duration: 2.03805
[silencedetect @ 0x600003eec180] silence_start: 9339.94644
[silencedetect @ 0x600003eec180] silence_end: 9341.97712 | silence_duration: 2.03068
[silencedetect @ 0x600003eec180] silence_start: 9345.247007
[silencedetect @ 0x600003eec180] silence_end: 9347.310658 | silence_duration: 2.063651
[silencedetect @ 0x600003eec180] silence_start: 9351.278458
[silencedetect @ 0x600003eec180] silence_end: 9359.479229 | silence_duration: 8.200771
[silencedetect @ 0x600003eec180] silence_start: 9360.894127
[silencedetect @ 0x600003eec180] silence_end: 9363.02542 | silence_duration: 2.131293
[silencedetect @ 0x600003eec180] silence_start: 9369.320249
[silencedetect @ 0x600003eec180] silence_end: 9371.365261 | silence_duration: 2.045011
[silencedetect @ 0x600003eec180] silence_start: 9374.75356
[silencedetect @ 0x600003eec180] silence_end: 9376.851315 | silence_duration: 2.097755
[silencedetect @ 0x600003eec180] silence_start: 9379.602494
[silencedetect @ 0x600003eec180] silence_end: 9381.692857 | silence_duration: 2.090363
[silencedetect @ 0x600003eec180] silence_start: 9384.733447
[silencedetect @ 0x600003eec180] silence_end: 9392.964603 | silence_duration: 8.231156
[silencedetect @ 0x600003eec180] silence_start: 9394.395397
[silencedetect @ 0x600003eec180] silence_end: 9396.518095 | silence_duration: 2.122698
[silencedetect @ 0x600003eec180] silence_start: 9405.329501
[silencedetect @ 0x600003eec180] silence_end: 9407.430045 | silence_duration: 2.100544
[silencedetect @ 0x600003eec180] silence_start: 9410.26229
[silencedetect @ 0x600003eec180] silence_end: 9412.325397 | silence_duration: 2.063107
[silencedetect @ 0x600003eec180] silence_start: 9415.76712
[silencedetect @ 0x600003eec180] silence_end: 9417.84941 | silence_duration: 2.08229
[silencedetect @ 0x600003eec180] silence_start: 9420.548957
[silencedetect @ 0x600003eec180] silence_end: 9428.800159 | silence_duration: 8.251202
[silencedetect @ 0x600003eec180] silence_start: 9430.221066
[silencedetect @ 0x600003eec180] silence_end: 9432.355488 | silence_duration: 2.134422
[silencedetect @ 0x600003eec180] silence_start: 9439.274898
[silencedetect @ 0x600003eec180] silence_end: 9441.404127 | silence_duration: 2.129229
[silencedetect @ 0x600003eec180] silence_start: 9444.565737
[silencedetect @ 0x600003eec180] silence_end: 9446.631769 | silence_duration: 2.066032
[silencedetect @ 0x600003eec180] silence_start: 9450.377188
[silencedetect @ 0x600003eec180] silence_end: 9452.447959 | silence_duration: 2.070771
[silencedetect @ 0x600003eec180] silence_start: 9455.652925
[silencedetect @ 0x600003eec180] silence_end: 9463.884989 | silence_duration: 8.232063
[silencedetect @ 0x600003eec180] silence_start: 9465.315782
[silencedetect @ 0x600003eec180] silence_end: 9467.452993 | silence_duration: 2.137211
[silencedetect @ 0x600003eec180] silence_start: 9473.91093
[silencedetect @ 0x600003eec180] silence_end: 9476.04712 | silence_duration: 2.13619
[silencedetect @ 0x600003eec180] silence_start: 9478.847959
[silencedetect @ 0x600003eec180] silence_end: 9480.962245 | silence_duration: 2.114286
[silencedetect @ 0x600003eec180] silence_start: 9484.557483
[silencedetect @ 0x600003eec180] silence_end: 9486.627392 | silence_duration: 2.069909
[silencedetect @ 0x600003eec180] silence_start: 9489.503265
[silencedetect @ 0x600003eec180] silence_end: 9497.7278 | silence_duration: 8.224535
[silencedetect @ 0x600003eec180] silence_start: 9499.142698
[silencedetect @ 0x600003eec180] silence_end: 9501.27712 | silence_duration: 2.134422
[silencedetect @ 0x600003eec180] silence_start: 9508.532902
[silencedetect @ 0x600003eec180] silence_end: 9510.601224 | silence_duration: 2.068322
[silencedetect @ 0x600003eec180] silence_start: 9513.146531
[silencedetect @ 0x600003eec180] silence_end: 9515.229705 | silence_duration: 2.083175
[silencedetect @ 0x600003eec180] silence_start: 9517.998231
[silencedetect @ 0x600003eec180] silence_end: 9520.100499 | silence_duration: 2.102268
[silencedetect @ 0x600003eec180] silence_start: 9522.47585
[silencedetect @ 0x600003eec180] silence_end: 9528.121451 | silence_duration: 5.645601
[silencedetect @ 0x600003eec180] silence_start: 9529.536349
[silencedetect @ 0x600003eec180] silence_end: 9531.674558 | silence_duration: 2.138209
[silencedetect @ 0x600003eec180] silence_start: 9538.796531
[silencedetect @ 0x600003eec180] silence_end: 9540.854444 | silence_duration: 2.057914
[silencedetect @ 0x600003eec180] silence_start: 9544.081224
[silencedetect @ 0x600003eec180] silence_end: 9546.147483 | silence_duration: 2.066259
[silencedetect @ 0x600003eec180] silence_start: 9549.04458
[silencedetect @ 0x600003eec180] silence_end: 9551.399728 | silence_duration: 2.355147
[silencedetect @ 0x600003eec180] silence_start: 9555.346054
[silencedetect @ 0x600003eec180] silence_end: 9563.60619 | silence_duration: 8.260136
[silencedetect @ 0x600003eec180] silence_start: 9565.02712
[silencedetect @ 0x600003eec180] silence_end: 9567.155057 | silence_duration: 2.127937
[silencedetect @ 0x600003eec180] silence_start: 9575.036417
[silencedetect @ 0x600003eec180] silence_end: 9577.133832 | silence_duration: 2.097415
[silencedetect @ 0x600003eec180] silence_start: 9580.199388
[silencedetect @ 0x600003eec180] silence_end: 9582.295488 | silence_duration: 2.0961
[silencedetect @ 0x600003eec180] silence_start: 9585.537256
[silencedetect @ 0x600003eec180] silence_end: 9587.586168 | silence_duration: 2.048912
[silencedetect @ 0x600003eec180] silence_start: 9591.664059
[silencedetect @ 0x600003eec180] silence_end: 9599.878254 | silence_duration: 8.214195
[silencedetect @ 0x600003eec180] silence_start: 9601.299184
[silencedetect @ 0x600003eec180] silence_end: 9603.419841 | silence_duration: 2.120658
[silencedetect @ 0x600003eec180] silence_start: 9609.982971
[silencedetect @ 0x600003eec180] silence_end: 9612.055601 | silence_duration: 2.07263
[silencedetect @ 0x600003eec180] silence_start: 9615.026961
[silencedetect @ 0x600003eec180] silence_end: 9617.084671 | silence_duration: 2.05771
[silencedetect @ 0x600003eec180] silence_start: 9620.837415
[silencedetect @ 0x600003eec180] silence_end: 9622.870522 | silence_duration: 2.033107
[silencedetect @ 0x600003eec180] silence_start: 9627.167188
[silencedetect @ 0x600003eec180] silence_end: 9635.366803 | silence_duration: 8.199615
[silencedetect @ 0x600003eec180] silence_start: 9636.781678
[silencedetect @ 0x600003eec180] silence_end: 9638.923696 | silence_duration: 2.142018
[silencedetect @ 0x600003eec180] silence_start: 9644.982086
[silencedetect @ 0x600003eec180] silence_end: 9647.045374 | silence_duration: 2.063288
[silencedetect @ 0x600003eec180] silence_start: 9649.410522
[silencedetect @ 0x600003eec180] silence_end: 9651.474807 | silence_duration: 2.064286
[silencedetect @ 0x600003eec180] silence_start: 9654.574558
[silencedetect @ 0x600003eec180] silence_end: 9656.689478 | silence_duration: 2.114921
[silencedetect @ 0x600003eec180] silence_start: 9660.049909
[silencedetect @ 0x600003eec180] silence_end: 9668.328435 | silence_duration: 8.278526
[silencedetect @ 0x600003eec180] silence_start: 9669.751134
[silencedetect @ 0x600003eec180] silence_end: 9671.884966 | silence_duration: 2.133832
[silencedetect @ 0x600003eec180] silence_start: 9679.290567
[silencedetect @ 0x600003eec180] silence_end: 9681.371224 | silence_duration: 2.080658
[silencedetect @ 0x600003eec180] silence_start: 9684.933311
[silencedetect @ 0x600003eec180] silence_end: 9687.023878 | silence_duration: 2.090567
[silencedetect @ 0x600003eec180] silence_start: 9690.220612
[silencedetect @ 0x600003eec180] silence_end: 9692.279274 | silence_duration: 2.058662
[silencedetect @ 0x600003eec180] silence_start: 9695.540272
[silencedetect @ 0x600003eec180] silence_end: 9703.793243 | silence_duration: 8.252971
[silencedetect @ 0x600003eec180] silence_start: 9705.712177
[silencedetect @ 0x600003eec180] silence_end: 9707.731383 | silence_duration: 2.019206
[silencedetect @ 0x600003eec180] silence_start: 9708.344286
[silencedetect @ 0x600003eec180] silence_end: 9711.265057 | silence_duration: 2.920771
[silencedetect @ 0x600003eec180] silence_start: 9716.611678
[silencedetect @ 0x600003eec180] silence_end: 9718.661224 | silence_duration: 2.049546
[silencedetect @ 0x600003eec180] silence_start: 9722.185556
[silencedetect @ 0x600003eec180] silence_end: 9724.258571 | silence_duration: 2.073016
[silencedetect @ 0x600003eec180] silence_start: 9728.285964
[silencedetect @ 0x600003eec180] silence_end: 9730.362653 | silence_duration: 2.076689
[silencedetect @ 0x600003eec180] silence_start: 9733.245125
[silencedetect @ 0x600003eec180] silence_end: 9738.432812 | silence_duration: 5.187687
[silencedetect @ 0x600003eec180] silence_start: 9739.047347
[silencedetect @ 0x600003eec180] silence_end: 9741.971361 | silence_duration: 2.924014
[silencedetect @ 0x600003eec180] silence_start: 9750.647234
[silencedetect @ 0x600003eec180] silence_end: 9752.74127 | silence_duration: 2.094036
[silencedetect @ 0x600003eec180] silence_start: 9755.678413
[silencedetect @ 0x600003eec180] silence_end: 9757.743152 | silence_duration: 2.064739
[silencedetect @ 0x600003eec180] silence_start: 9761.38941
[silencedetect @ 0x600003eec180] silence_end: 9763.442109 | silence_duration: 2.052698
[silencedetect @ 0x600003eec180] silence_start: 9766.806576
[silencedetect @ 0x600003eec180] silence_end: 9771.93619 | silence_duration: 5.129615
[silencedetect @ 0x600003eec180] silence_start: 9772.550726
size=N/A time=02:42:54.57 bitrate=N/A speed= 808x    [silencedetect @ 0x600003eec180] silence_end: 9775.479388 | silence_duration: 2.928662
[silencedetect @ 0x600003eec180] silence_start: 9781.116939
[silencedetect @ 0x600003eec180] silence_end: 9783.151451 | silence_duration: 2.034512
[silencedetect @ 0x600003eec180] silence_start: 9786.196825
[silencedetect @ 0x600003eec180] silence_end: 9788.236712 | silence_duration: 2.039887
[silencedetect @ 0x600003eec180] silence_start: 9791.366236
[silencedetect @ 0x600003eec180] silence_end: 9793.404989 | silence_duration: 2.038753
[silencedetect @ 0x600003eec180] silence_start: 9796.757891
[silencedetect @ 0x600003eec180] silence_end: 9801.926848 | silence_duration: 5.168957
[silencedetect @ 0x600003eec180] silence_start: 9802.490499
[silencedetect @ 0x600003eec180] silence_end: 9805.470839 | silence_duration: 2.98034
[silencedetect @ 0x600003eec180] silence_start: 9812.761905
[silencedetect @ 0x600003eec180] silence_end: 9814.869546 | silence_duration: 2.107642
[silencedetect @ 0x600003eec180] silence_start: 9817.519637
[silencedetect @ 0x600003eec180] silence_end: 9819.572971 | silence_duration: 2.053333
[silencedetect @ 0x600003eec180] silence_start: 9823.525397
[silencedetect @ 0x600003eec180] silence_end: 9825.553515 | silence_duration: 2.028118
[silencedetect @ 0x600003eec180] silence_start: 9828.842925
[silencedetect @ 0x600003eec180] silence_end: 9834.035283 | silence_duration: 5.192358
[silencedetect @ 0x600003eec180] silence_start: 9834.665624
[silencedetect @ 0x600003eec180] silence_end: 9837.594966 | silence_duration: 2.929342
[silencedetect @ 0x600003eec180] silence_start: 9842.462971
[silencedetect @ 0x600003eec180] silence_end: 9844.51678 | silence_duration: 2.05381
[silencedetect @ 0x600003eec180] silence_start: 9847.348957
[silencedetect @ 0x600003eec180] silence_end: 9849.470113 | silence_duration: 2.121156
[silencedetect @ 0x600003eec180] silence_start: 9853.177619
[silencedetect @ 0x600003eec180] silence_end: 9855.257642 | silence_duration: 2.080023
[silencedetect @ 0x600003eec180] silence_start: 9857.858277
[silencedetect @ 0x600003eec180] silence_end: 9863.030998 | silence_duration: 5.172721
[silencedetect @ 0x600003eec180] silence_start: 9863.629615
[silencedetect @ 0x600003eec180] silence_end: 9866.570385 | silence_duration: 2.940771
[silencedetect @ 0x600003eec180] silence_start: 9871.600544
[silencedetect @ 0x600003eec180] silence_end: 9873.653197 | silence_duration: 2.052653
[silencedetect @ 0x600003eec180] silence_start: 9877.351134
[silencedetect @ 0x600003eec180] silence_end: 9879.50576 | silence_duration: 2.154626
[silencedetect @ 0x600003eec180] silence_start: 9883.132268
[silencedetect @ 0x600003eec180] silence_end: 9885.233175 | silence_duration: 2.100907
[silencedetect @ 0x600003eec180] silence_start: 9888.368639
[silencedetect @ 0x600003eec180] silence_end: 9893.530794 | silence_duration: 5.162154
[silencedetect @ 0x600003eec180] silence_start: 9894.106599
[silencedetect @ 0x600003eec180] silence_end: 9897.071678 | silence_duration: 2.965079
[silencedetect @ 0x600003eec180] silence_start: 9902.523016
[silencedetect @ 0x600003eec180] silence_end: 9904.611111 | silence_duration: 2.088095
[silencedetect @ 0x600003eec180] silence_start: 9908.218662
[silencedetect @ 0x600003eec180] silence_end: 9910.251678 | silence_duration: 2.033016
[silencedetect @ 0x600003eec180] silence_start: 9913.855805
[silencedetect @ 0x600003eec180] silence_end: 9915.870658 | silence_duration: 2.014853
[silencedetect @ 0x600003eec180] silence_start: 9919.571156
[silencedetect @ 0x600003eec180] silence_end: 9924.735215 | silence_duration: 5.164059
[silencedetect @ 0x600003eec180] silence_start: 9925.349637
[silencedetect @ 0x600003eec180] silence_end: 9928.27551 | silence_duration: 2.925873
[silencedetect @ 0x600003eec180] silence_start: 9935.559569
[silencedetect @ 0x600003eec180] silence_end: 9937.653129 | silence_duration: 2.09356
[silencedetect @ 0x600003eec180] silence_start: 9940.474785
[silencedetect @ 0x600003eec180] silence_end: 9942.539841 | silence_duration: 2.065057
[silencedetect @ 0x600003eec180] silence_start: 9946.597324
[silencedetect @ 0x600003eec180] silence_end: 9948.705102 | silence_duration: 2.107778
[silencedetect @ 0x600003eec180] silence_start: 9952.20424
[silencedetect @ 0x600003eec180] silence_end: 9957.430771 | silence_duration: 5.226531
[silencedetect @ 0x600003eec180] silence_start: 9958.043696
[silencedetect @ 0x600003eec180] silence_end: 9960.960748 | silence_duration: 2.917052
[silencedetect @ 0x600003eec180] silence_start: 9967.253878
[silencedetect @ 0x600003eec180] silence_end: 9969.305034 | silence_duration: 2.051156
[silencedetect @ 0x600003eec180] silence_start: 9972.704717
[silencedetect @ 0x600003eec180] silence_end: 9974.736712 | silence_duration: 2.031995
[silencedetect @ 0x600003eec180] silence_start: 9978.725057
[silencedetect @ 0x600003eec180] silence_end: 9980.823673 | silence_duration: 2.098617
[silencedetect @ 0x600003eec180] silence_start: 9984.987755
[silencedetect @ 0x600003eec180] silence_end: 9990.133288 | silence_duration: 5.145533
[silencedetect @ 0x600003eec180] silence_start: 9990.749252
[silencedetect @ 0x600003eec180] silence_end: 9993.682041 | silence_duration: 2.932789
[silencedetect @ 0x600003eec180] silence_start: 9999.498435
[silencedetect @ 0x600003eec180] silence_end: 10001.550612 | silence_duration: 2.052177
[silencedetect @ 0x600003eec180] silence_start: 10005.210907
[silencedetect @ 0x600003eec180] silence_end: 10007.279252 | silence_duration: 2.068345
[silencedetect @ 0x600003eec180] silence_start: 10010.446599
[silencedetect @ 0x600003eec180] silence_end: 10012.545125 | silence_duration: 2.098526
[silencedetect @ 0x600003eec180] silence_start: 10015.771043
[silencedetect @ 0x600003eec180] silence_end: 10020.928163 | silence_duration: 5.15712
[silencedetect @ 0x600003eec180] silence_start: 10021.541088
[silencedetect @ 0x600003eec180] silence_end: 10023.599909 | silence_duration: 2.058821
[silencedetect @ 0x600003eec180] silence_start: 10025.309206
[silencedetect @ 0x600003eec180] silence_end: 10028.811927 | silence_duration: 3.502721
[silencedetect @ 0x600003eec180] silence_start: 10034.564014
[silencedetect @ 0x600003eec180] silence_end: 10036.609116 | silence_duration: 2.045102
[silencedetect @ 0x600003eec180] silence_start: 10039.763107
[silencedetect @ 0x600003eec180] silence_end: 10041.863243 | silence_duration: 2.100136
[silencedetect @ 0x600003eec180] silence_start: 10044.894331
[silencedetect @ 0x600003eec180] silence_end: 10046.946395 | silence_duration: 2.052063
[silencedetect @ 0x600003eec180] silence_start: 10049.755533
[silencedetect @ 0x600003eec180] silence_end: 10058.469977 | silence_duration: 8.714444
[silencedetect @ 0x600003eec180] silence_start: 10063.379093
[silencedetect @ 0x600003eec180] silence_end: 10065.446054 | silence_duration: 2.066961
[silencedetect @ 0x600003eec180] silence_start: 10068.603016
[silencedetect @ 0x600003eec180] silence_end: 10070.647256 | silence_duration: 2.04424
[silencedetect @ 0x600003eec180] silence_start: 10074.13678
[silencedetect @ 0x600003eec180] silence_end: 10076.170839 | silence_duration: 2.034059
[silencedetect @ 0x600003eec180] silence_start: 10079.73483
[silencedetect @ 0x600003eec180] silence_end: 10088.429025 | silence_duration: 8.694195
[silencedetect @ 0x600003eec180] silence_start: 10094.993379
[silencedetect @ 0x600003eec180] silence_end: 10097.027778 | silence_duration: 2.034399
[silencedetect @ 0x600003eec180] silence_start: 10100.165714
[silencedetect @ 0x600003eec180] silence_end: 10102.215646 | silence_duration: 2.049932
[silencedetect @ 0x600003eec180] silence_start: 10105.342585
[silencedetect @ 0x600003eec180] silence_end: 10107.388231 | silence_duration: 2.045646
[silencedetect @ 0x600003eec180] silence_start: 10110.881723
[silencedetect @ 0x600003eec180] silence_end: 10119.581565 | silence_duration: 8.699841
[silencedetect @ 0x600003eec180] silence_start: 10126.791179
[silencedetect @ 0x600003eec180] silence_end: 10128.833719 | silence_duration: 2.04254
[silencedetect @ 0x600003eec180] silence_start: 10132.102449
[silencedetect @ 0x600003eec180] silence_end: 10134.181111 | silence_duration: 2.078662
[silencedetect @ 0x600003eec180] silence_start: 10138.053537
[silencedetect @ 0x600003eec180] silence_end: 10140.13746 | silence_duration: 2.083923
[silencedetect @ 0x600003eec180] silence_start: 10143.9022
[silencedetect @ 0x600003eec180] silence_end: 10152.657392 | silence_duration: 8.755193
[silencedetect @ 0x600003eec180] silence_start: 10157.823605
[silencedetect @ 0x600003eec180] silence_end: 10159.863537 | silence_duration: 2.039932
[silencedetect @ 0x600003eec180] silence_start: 10164.495261
[silencedetect @ 0x600003eec180] silence_end: 10166.54059 | silence_duration: 2.045329
[silencedetect @ 0x600003eec180] silence_start: 10169.445692
[silencedetect @ 0x600003eec180] silence_end: 10171.491837 | silence_duration: 2.046145
size=N/A time=02:49:34.35 bitrate=N/A speed= 807x    [silencedetect @ 0x600003eec180] silence_start: 10175.594082
[silencedetect @ 0x600003eec180] silence_end: 10184.289048 | silence_duration: 8.694966
[silencedetect @ 0x600003eec180] silence_start: 10189.992902
[silencedetect @ 0x600003eec180] silence_end: 10192.092653 | silence_duration: 2.099751
[silencedetect @ 0x600003eec180] silence_start: 10195.859002
[silencedetect @ 0x600003eec180] silence_end: 10197.963878 | silence_duration: 2.104875
[silencedetect @ 0x600003eec180] silence_start: 10201.544512
[silencedetect @ 0x600003eec180] silence_end: 10203.665986 | silence_duration: 2.121474
[silencedetect @ 0x600003eec180] silence_start: 10205.96415
[silencedetect @ 0x600003eec180] silence_end: 10211.679388 | silence_duration: 5.715238
[silencedetect @ 0x600003eec180] silence_start: 10211.67941
[silencedetect @ 0x600003eec180] silence_end: 10214.750612 | silence_duration: 3.071202
[silencedetect @ 0x600003eec180] silence_start: 10220.521224
[silencedetect @ 0x600003eec180] silence_end: 10222.590227 | silence_duration: 2.069002
[silencedetect @ 0x600003eec180] silence_start: 10225.954535
[silencedetect @ 0x600003eec180] silence_end: 10228.007279 | silence_duration: 2.052744
[silencedetect @ 0x600003eec180] silence_start: 10232.202993
[silencedetect @ 0x600003eec180] silence_end: 10234.232177 | silence_duration: 2.029184
[silencedetect @ 0x600003eec180] silence_start: 10237.307234
[silencedetect @ 0x600003eec180] silence_end: 10245.994104 | silence_duration: 8.686871
[silencedetect @ 0x600003eec180] silence_start: 10252.60424
[silencedetect @ 0x600003eec180] silence_end: 10254.641134 | silence_duration: 2.036893
[silencedetect @ 0x600003eec180] silence_start: 10257.718005
[silencedetect @ 0x600003eec180] silence_end: 10259.736485 | silence_duration: 2.018481
[silencedetect @ 0x600003eec180] silence_start: 10263.320272
[silencedetect @ 0x600003eec180] silence_end: 10265.349796 | silence_duration: 2.029524
[silencedetect @ 0x600003eec180] silence_start: 10268.468776
[silencedetect @ 0x600003eec180] silence_end: 10277.136689 | silence_duration: 8.667914
[silencedetect @ 0x600003eec180] silence_start: 10284.095215
[silencedetect @ 0x600003eec180] silence_end: 10286.174308 | silence_duration: 2.079093
[silencedetect @ 0x600003eec180] silence_start: 10290.382562
[silencedetect @ 0x600003eec180] silence_end: 10292.455351 | silence_duration: 2.072789
[silencedetect @ 0x600003eec180] silence_start: 10295.431927
[silencedetect @ 0x600003eec180] silence_end: 10297.496054 | silence_duration: 2.064127
[silencedetect @ 0x600003eec180] silence_start: 10301.601247
[silencedetect @ 0x600003eec180] silence_end: 10310.309592 | silence_duration: 8.708345
[silencedetect @ 0x600003eec180] silence_start: 10317.518821
[silencedetect @ 0x600003eec180] silence_end: 10319.614263 | silence_duration: 2.095442
[silencedetect @ 0x600003eec180] silence_start: 10323.767914
[silencedetect @ 0x600003eec180] silence_end: 10325.849138 | silence_duration: 2.081224
[silencedetect @ 0x600003eec180] silence_start: 10329.204875
[silencedetect @ 0x600003eec180] silence_end: 10331.262177 | silence_duration: 2.057302
[silencedetect @ 0x600003eec180] silence_start: 10334.049274
[silencedetect @ 0x600003eec180] silence_end: 10342.759977 | silence_duration: 8.710703
[silencedetect @ 0x600003eec180] silence_start: 10349.819683
[silencedetect @ 0x600003eec180] silence_end: 10351.955397 | silence_duration: 2.135714
[silencedetect @ 0x600003eec180] silence_start: 10355.442744
[silencedetect @ 0x600003eec180] silence_end: 10357.52102 | silence_duration: 2.078277
[silencedetect @ 0x600003eec180] silence_start: 10360.807619
[silencedetect @ 0x600003eec180] silence_end: 10362.864376 | silence_duration: 2.056757
[silencedetect @ 0x600003eec180] silence_start: 10366.306893
[silencedetect @ 0x600003eec180] silence_end: 10371.823197 | silence_duration: 5.516304
[silencedetect @ 0x600003eec180] silence_start: 10376.447211
[silencedetect @ 0x600003eec180] silence_end: 10380.038005 | silence_duration: 3.590794
[silencedetect @ 0x600003eec180] silence_start: 10381.779093
[silencedetect @ 0x600003eec180] silence_end: 10385.097868 | silence_duration: 3.318776
[silencedetect @ 0x600003eec180] silence_start: 10390.665193
[silencedetect @ 0x600003eec180] silence_end: 10392.736576 | silence_duration: 2.071383
[silencedetect @ 0x600003eec180] silence_start: 10395.667642
[silencedetect @ 0x600003eec180] silence_end: 10397.694671 | silence_duration: 2.027029
[silencedetect @ 0x600003eec180] silence_start: 10401.231746
[silencedetect @ 0x600003eec180] silence_end: 10403.295011 | silence_duration: 2.063265
[silencedetect @ 0x600003eec180] silence_start: 10406.845941
[silencedetect @ 0x600003eec180] silence_end: 10415.392177 | silence_duration: 8.546236
[silencedetect @ 0x600003eec180] silence_start: 10421.506236
[silencedetect @ 0x600003eec180] silence_end: 10423.541565 | silence_duration: 2.035329
[silencedetect @ 0x600003eec180] silence_start: 10426.809252
[silencedetect @ 0x600003eec180] silence_end: 10428.851769 | silence_duration: 2.042517
[silencedetect @ 0x600003eec180] silence_start: 10432.304671
[silencedetect @ 0x600003eec180] silence_end: 10434.358254 | silence_duration: 2.053583
[silencedetect @ 0x600003eec180] silence_start: 10437.369274
[silencedetect @ 0x600003eec180] silence_end: 10445.90127 | silence_duration: 8.531995
[silencedetect @ 0x600003eec180] silence_start: 10451.22161
[silencedetect @ 0x600003eec180] silence_end: 10453.280658 | silence_duration: 2.059048
[silencedetect @ 0x600003eec180] silence_start: 10456.948798
[silencedetect @ 0x600003eec180] silence_end: 10459.042018 | silence_duration: 2.09322
[silencedetect @ 0x600003eec180] silence_start: 10461.82805
[silencedetect @ 0x600003eec180] silence_end: 10463.90127 | silence_duration: 2.07322
[silencedetect @ 0x600003eec180] silence_start: 10467.618912
[silencedetect @ 0x600003eec180] silence_end: 10476.197551 | silence_duration: 8.578639
[silencedetect @ 0x600003eec180] silence_start: 10482.748889
[silencedetect @ 0x600003eec180] silence_end: 10484.80517 | silence_duration: 2.056281
[silencedetect @ 0x600003eec180] silence_start: 10487.646825
[silencedetect @ 0x600003eec180] silence_end: 10489.679977 | silence_duration: 2.033152
size=N/A time=02:54:49.86 bitrate=N/A speed= 800x    [silencedetect @ 0x600003eec180] silence_start: 10492.328345
[silencedetect @ 0x600003eec180] silence_end: 10494.39195 | silence_duration: 2.063605
[silencedetect @ 0x600003eec180] silence_start: 10498.149478
[silencedetect @ 0x600003eec180] silence_end: 10506.711927 | silence_duration: 8.562449
[silencedetect @ 0x600003eec180] silence_start: 10512.703991
[silencedetect @ 0x600003eec180] silence_end: 10514.738866 | silence_duration: 2.034875
[silencedetect @ 0x600003eec180] silence_start: 10517.240113
[silencedetect @ 0x600003eec180] silence_end: 10519.307234 | silence_duration: 2.06712
[silencedetect @ 0x600003eec180] silence_start: 10521.695283
[silencedetect @ 0x600003eec180] silence_end: 10523.812041 | silence_duration: 2.116757
[silencedetect @ 0x600003eec180] silence_start: 10526.557143
[silencedetect @ 0x600003eec180] silence_end: 10535.090748 | silence_duration: 8.533605
[silencedetect @ 0x600003eec180] silence_start: 10542.515578
[silencedetect @ 0x600003eec180] silence_end: 10544.609796 | silence_duration: 2.094218
[silencedetect @ 0x600003eec180] silence_start: 10547.886916
[silencedetect @ 0x600003eec180] silence_end: 10549.964989 | silence_duration: 2.078073
[silencedetect @ 0x600003eec180] silence_start: 10553.633605
[silencedetect @ 0x600003eec180] silence_end: 10555.685986 | silence_duration: 2.052381
[silencedetect @ 0x600003eec180] silence_start: 10559.740272
[silencedetect @ 0x600003eec180] silence_end: 10568.302472 | silence_duration: 8.5622
[silencedetect @ 0x600003eec180] silence_start: 10576.031202
[silencedetect @ 0x600003eec180] silence_end: 10578.125283 | silence_duration: 2.094082
[silencedetect @ 0x600003eec180] silence_start: 10581.46737
[silencedetect @ 0x600003eec180] silence_end: 10583.518231 | silence_duration: 2.050862
[silencedetect @ 0x600003eec180] silence_start: 10587.418912
[silencedetect @ 0x600003eec180] silence_end: 10589.468957 | silence_duration: 2.050045
[silencedetect @ 0x600003eec180] silence_start: 10593.367415
[silencedetect @ 0x600003eec180] silence_end: 10601.895442 | silence_duration: 8.528027
[silencedetect @ 0x600003eec180] silence_start: 10609.371995
[silencedetect @ 0x600003eec180] silence_end: 10611.441701 | silence_duration: 2.069705
[silencedetect @ 0x600003eec180] silence_start: 10614.909365
[silencedetect @ 0x600003eec180] silence_end: 10616.980794 | silence_duration: 2.071429
[silencedetect @ 0x600003eec180] silence_start: 10620.228594
[silencedetect @ 0x600003eec180] silence_end: 10622.30059 | silence_duration: 2.071995
[silencedetect @ 0x600003eec180] silence_start: 10625.924989
[silencedetect @ 0x600003eec180] silence_end: 10634.485193 | silence_duration: 8.560204
[silencedetect @ 0x600003eec180] silence_start: 10639.403696
[silencedetect @ 0x600003eec180] silence_end: 10641.452608 | silence_duration: 2.048912
[silencedetect @ 0x600003eec180] silence_start: 10645.331247
[silencedetect @ 0x600003eec180] silence_end: 10647.358571 | silence_duration: 2.027324
[silencedetect @ 0x600003eec180] silence_start: 10651.744603
[silencedetect @ 0x600003eec180] silence_end: 10653.795488 | silence_duration: 2.050884
[silencedetect @ 0x600003eec180] silence_start: 10658.593741
[silencedetect @ 0x600003eec180] silence_end: 10667.209705 | silence_duration: 8.615964
[silencedetect @ 0x600003eec180] silence_start: 10674.595986
[silencedetect @ 0x600003eec180] silence_end: 10676.641406 | silence_duration: 2.04542
[silencedetect @ 0x600003eec180] silence_start: 10680.247438
[silencedetect @ 0x600003eec180] silence_end: 10682.299932 | silence_duration: 2.052494
[silencedetect @ 0x600003eec180] silence_start: 10685.455488
[silencedetect @ 0x600003eec180] silence_end: 10687.528299 | silence_duration: 2.072812
[silencedetect @ 0x600003eec180] silence_start: 10691.013107
[silencedetect @ 0x600003eec180] silence_end: 10699.606712 | silence_duration: 8.593605
[silencedetect @ 0x600003eec180] silence_start: 10706.695079
[silencedetect @ 0x600003eec180] silence_end: 10708.722948 | silence_duration: 2.027868
[silencedetect @ 0x600003eec180] silence_start: 10711.645533
[silencedetect @ 0x600003eec180] silence_end: 10713.668435 | silence_duration: 2.022902
[silencedetect @ 0x600003eec180] silence_start: 10716.563447
[silencedetect @ 0x600003eec180] silence_end: 10718.589705 | silence_duration: 2.026259
[silencedetect @ 0x600003eec180] silence_start: 10721.673991
[silencedetect @ 0x600003eec180] silence_end: 10726.993424 | silence_duration: 5.319433
[out#0/null @ 0x600002fec240] video:0KiB audio:1848264KiB subtitle:0KiB other streams:0KiB global headers:0KiB muxing overhead: unknown
size=N/A time=02:58:49.15 bitrate=N/A speed= 795x    
